Temperature,Vibration,Power_Usage,Humidity,Machine_Type,Failure_Risk
74.96714153,56.99677718,8.64964345,20.46096221,2,1
68.61735699,54.62316841,9.710962659,25.69807495,1,0
76.47688538,50.29815185,8.415160158,27.93197233,0,1
85.23029856,46.76531611,9.384076941,39.43843829,1,1
67.65846625,53.49111657,6.212770666,32.78276562,0,1
67.65863043,51.96742693,10.42658741,23.32259215,0,0
85.79212816,54.4759661,10.00241095,32.43018145,1,0
77.67434729,53.17585901,8.365822738,22.26348006,2,1
65.30525614,55.24776358,11.31849134,35.41345527,0,0
75.42560044,47.32382394,11.87514028,27.64437674,2,1
65.36582307,56.58697033,6.784880271,29.53181906,1,1
65.34270246,50.98799802,8.474550443,36.62898324,0,0
72.41962272,60.37630436,8.4617153,23.56418216,1,0
50.86719755,46.55406091,8.120193798,23.01440907,2,1
52.75082167,58.67981902,11.65894968,27.08200337,1,0
64.37712471,50.98955392,9.612347722,35.19189426,1,0
59.8716888,46.74290998,9.470970317,22.40326962,0,0
73.14247333,47.58057083,5.992275271,15.83922201,1,0
60.91975924,48.39826346,11.27083606,27.74420571,1,1
55.87696299,52.12082973,7.52148321,32.758704,1,0
84.65648769,52.61417744,10.11986526,36.00130875,0,0
67.742237,47.13149998,10.55475388,27.68419319,2,1
70.67528205,49.87822704,12.72131719,27.94286696,2,1
55.75251814,60.71135179,7.382359202,35.76950367,1,0
64.55617275,58.63771585,3.960975688,20.6512915,0,0
71.1092259,52.18161835,10.36769909,28.05739612,1,0
58.49006423,50.19001739,13.60102236,30.95211945,2,0
73.75698018,50.60015663,12.47789271,32.24609361,0,1
63.9936131,53.06758986,10.41931883,27.45096653,2,0
67.0830625,44.88603717,9.016727629,30.17220506,2,1
63.98293388,48.71311731,11.61424519,17.55836323,0,0
88.52278185,41.65707963,8.052907601,26.70875794,0,0
69.86502775,51.99611561,10.95271554,32.26754356,1,1
59.42289071,53.2359797,11.01094032,25.08852983,1,0
78.22544912,47.58406769,12.12041981,30.29492111,2,1
57.7915635,57.86993382,15.51932008,32.2343625,0,1
72.08863595,43.87117168,10.78483193,28.287254,0,0
50.40329876,42.6781256,8.982072749,30.85231885,1,0
56.71813951,51.12225909,9.948851376,25.18633717,2,1
71.96861236,55.23549151,6.46184819,28.9669436,2,1
77.3846658,58.41963846,8.610573738,33.05108085,1,1
71.71368281,47.70557869,9.181435124,30.7848648,0,0
68.84351718,55.39340417,8.951823204,27.06734365,1,0
66.98896304,49.80745765,10.30470974,31.12108202,1,0
55.2147801,49.1368635,8.355160135,33.57304895,1,1
62.80155792,54.41829969,12.24206133,19.75029361,1,1
65.39361229,53.26161439,10.00041413,35.79537032,0,0
80.57122226,42.11803922,9.981399358,28.31872631,1,0
73.4361829,57.38270175,9.344210567,32.12744967,0,1
52.36959845,56.90045677,10.31038137,35.98623462,1,0
73.24083969,46.87218649,11.65019653,23.14163151,2,0
66.1491772,51.97901767,8.265739569,26.45279499,0,0
63.23078,52.47015093,8.683767022,28.55725652,2,0
76.11676289,51.30336883,9.392547942,26.08123239,1,1
80.30999522,47.24847423,7.308258153,38.67468288,1,0
79.31280119,46.64188316,8.361484281,25.71613953,1,1
61.60782477,49.87222965,9.047558253,27.2222661,0,0
66.90787624,55.8636451,11.74877836,31.02194516,2,0
73.31263431,52.71800077,10.52512266,23.98925237,0,0
79.75545127,48.14692834,10.38717982,28.02159644,0,0
65.20825762,53.85849355,11.70179592,31.58726631,1,1
68.14341023,35.7572869,9.725256423,28.33569798,2,0
58.93665026,55.7438285,10.7809297,29.53306571,1,0
58.03793376,41.30143111,9.793556494,27.35333944,0,0
78.12525822,48.18779529,10.5307247,22.42764845,1,1
83.56240029,44.40165053,8.834482685,31.60796606,2,0
69.27989878,43.52659262,5.122365683,38.77466536,1,0
80.03532898,55.80413394,9.731441676,30.09200815,2,1
73.61636025,47.66149399,12.84549627,31.12632059,2,0
63.54880245,51.73251941,11.8524308,33.46361378,1,0
73.61395606,49.76539711,11.93079497,23.65334752,0,0
85.38036566,52.38520414,12.47226144,38.51257329,1,0
69.64173961,50.38410946,10.17731518,31.01164398,0,0
85.64643656,43.58503888,10.39463141,38.1592845,0,0
43.80254896,54.9813341,8.764696209,26.33483502,1,0
78.21902504,47.53121708,9.367854288,39.09030961,0,0
70.87047068,42.21709051,11.2315423,33.87577747,0,1
67.0099265,47.8594242,12.40776887,32.76520043,1,0
70.91760777,57.50379895,9.721107449,31.17012227,1,0
50.12431085,54.25110871,9.09962147,28.75735691,1,1
67.80328112,48.25673933,10.00105592,36.00265829,0,1
73.57112572,48.25371148,11.2024135,30.70179935,2,0
84.77894045,48.39182474,7.112290368,20.16465148,0,0
64.81729782,60.38373992,5.407638094,24.41406769,2,0
61.91506397,51.90967726,8.898926301,29.07077124,1,0
64.98242956,52.15020824,7.558575148,31.54999492,2,0
79.15402118,55.15141727,8.983719605,29.71705756,1,0
73.2875111,51.1939458,9.704439362,36.09485395,1,1
64.70239796,48.70478927,9.093503182,20.24449068,2,1
75.13267433,49.01825075,12.90493507,30.71793968,1,0
70.97077549,49.6419937,10.65348953,20.91010387,2,0
79.68644991,49.81388882,10.60094872,33.79856148,1,0
62.97946906,53.63814772,11.24441429,29.52770643,0,0
66.72337853,50.25972943,7.722333764,32.09804986,0,1
66.07891847,53.66320039,12.07822357,25.6805852,1,0
55.36485052,49.5964171,9.848471427,36.39732466,1,1
72.96120277,50.39317595,11.34096123,35.20862332,2,1
72.61055272,40.00899658,7.856285534,32.91772152,0,0
70.05113457,54.58163837,6.892482468,29.35241377,2,0
67.65412867,51.73244238,11.63577932,32.89928643,1,0
55.84629258,54.99005055,10.75281905,26.46553716,1,0
65.79354677,35.51872311,8.195896891,34.2777783,2,0
66.57285483,60.44187352,8.260673837,38.24740447,1,0
61.97722731,49.30205186,12.25086957,35.3530528,0,0
68.38714288,55.54091408,7.621176214,26.35198765,2,1
74.04050857,44.80047036,13.28534591,31.80708659,0,0
88.86185901,53.06386953,8.198758531,23.53429228,0,0
71.74577813,44.73292218,11.27678385,32.86195156,0,1
72.57550391,46.8811552,9.342763049,32.25301706,2,0
69.25554084,59.57015677,11.20637486,20.6509183,1,1
50.81228785,49.046588,8.911771996,24.19108078,0,1
69.73486125,51.08716437,9.674414188,28.58430552,0,0
70.6023021,54.35033865,10.08183835,28.49570126,0,1
94.63242112,52.47840944,7.995625088,23.95261532,1,0
68.07639035,50.75209453,11.48164869,31.94489365,1,0
73.01547342,51.82480501,8.973572867,31.25736804,2,0
69.6528823,62.01707793,9.542800169,29.02865434,1,0
58.31321962,49.71190601,8.011301251,26.2210425,2,0
81.42822815,51.00549523,4.875332682,35.24353563,2,1
77.51933033,55.25327198,9.617944475,38.27703557,2,1
77.91031947,55.52762966,14.82523084,27.58219258,2,0
60.90612545,55.93515153,11.56920858,26.93916541,2,0
84.02794311,53.19365111,9.961479241,32.45603833,0,0
55.98148937,44.28497544,9.474218342,28.2098531,1,1
75.86857094,58.16715766,10.04493179,29.303014,0,1
91.90455626,44.26827303,11.09423823,33.69826576,2,0
60.09463675,51.51317733,7.638374369,20.45321956,1,0
64.3370227,46.22862075,12.22864339,36.59151162,0,1
70.99651365,49.67930827,11.43076263,30.36340262,0,0
64.96524346,51.64381205,11.43637145,27.94253428,2,0
54.49336569,51.60678608,10.87695148,29.55382923,0,0
70.68562975,52.10960377,10.03923332,29.81214678,0,0
59.37696286,58.06855635,11.34572247,21.34399348,0,0
74.73592431,52.26767151,11.18362827,37.47469114,0,0
60.80575766,48.77921682,9.291918578,30.20662816,0,0
85.49934405,54.82043584,8.852796454,32.21501065,2,0
62.16746708,55.94735244,10.20371259,34.75774885,2,0
66.77938484,43.86196092,13.0980403,24.89418771,0,1
78.13517217,52.98700035,7.521785849,32.3673595,2,0
57.69135684,53.50586371,7.064949468,28.66179455,2,0
72.27459935,48.51218248,10.32952168,34.23385388,1,0
83.07142754,56.87853407,10.1017754,19.3638629,0,0
53.92516765,49.24972206,10.34668333,29.5045285,2,0
71.84633859,50.62788227,10.4879064,26.98589672,2,0
72.59882794,49.13464088,9.553595491,32.16131475,0,1
77.81822872,50.07789524,12.97972688,32.35022094,1,0
57.63049289,44.51862457,6.798192043,26.46187053,0,1
56.79543387,42.79974559,8.34300595,26.43913068,1,1
75.21941566,57.97252532,9.79349048,29.44667316,0,0
72.96984673,45.76519326,6.713622378,25.51678886,0,0
72.5049285,45.04303825,9.648291191,34.20991848,0,0
73.46448209,39.23304943,13.32294033,28.153964,0,1
63.19975278,46.80519126,10.04177298,15.4650589,1,0
72.32253697,43.38455103,10.46140181,28.12588972,1,1
72.93072473,58.2100758,7.47967047,24.8072809,2,1
62.85648582,55.04908545,8.767277184,21.84362092,0,0
88.65774511,46.55924827,9.249607239,23.81286681,1,0
74.73832921,61.26217903,9.364569806,30.54704236,1,0
58.08696503,54.90882743,12.56328759,36.64320414,1,1
76.56553609,48.37584308,11.11538212,31.56592237,0,1
60.2531833,37.50297143,7.777084086,26.96748306,2,0
77.87084604,61.45471286,10.49300956,32.27952098,1,0
81.58595579,43.05213767,10.9964435,27.70454845,0,0
61.79317682,41.77300627,12.28029808,26.52699815,1,1
79.63376129,55.11285216,13.16108137,24.22818666,1,0
74.12780927,62.19876203,7.969811616,21.24085597,2,0
78.2206016,56.92136409,8.378284978,28.05038147,1,0
88.96792983,52.8195456,7.484844282,30.79026745,1,0
67.54611884,52.97377171,9.531960282,29.51688165,0,0
62.46263836,54.26707779,10.93271675,27.92016536,0,1
61.1048557,53.79464295,11.97466903,25.2712697,2,0
61.84189715,51.40595712,9.848097953,33.04123096,0,0
69.22898291,50.52100552,9.360304953,23.4143404,0,0
73.41151975,49.68703436,10.30351598,33.88013957,2,0
72.76690799,46.23017706,8.329714197,24.98891491,1,0
78.27183249,48.59662462,14.17907744,26.23782381,2,0
70.13001892,41.53521593,6.784677946,22.66607405,0,1
84.53534077,49.50830187,10.36948116,27.49298927,2,1
67.35343167,45.05704446,14.04721244,34.87656229,1,1
97.20169167,44.48205341,10.01359969,32.57814044,2,1
76.25667348,50.89947076,9.61992193,34.89211056,0,0
61.42842444,56.96001143,9.285109154,32.61071273,0,0
59.29107502,54.59158303,9.639216636,24.48165086,2,1
74.82472415,42.14749698,12.74569695,28.34605388,1,1
67.76537215,45.05185932,5.576276177,26.09900435,2,1
77.14000494,54.70385594,13.0668674,36.65287452,1,0
74.73237625,45.08756303,7.152085695,24.01605677,1,0
69.27171087,48.87683425,9.466695342,34.46848845,2,0
61.53206282,52.7502605,9.141511159,34.46476935,1,1
54.85152775,45.15827773,11.17710654,39.14810101,0,0
65.53485048,50.52687753,6.803751296,27.95156704,2,0
78.56398794,43.32987253,10.92434533,33.5616108,1,0
72.14093744,46.99316178,14.04861925,41.40825918,0,1
57.54261221,51.59890967,7.273651991,26.91179162,2,0
71.73180926,42.03503133,10.37941234,22.32479876,0,0
73.8531738,52.20237369,8.676035644,20.59994983,0,1
61.16142564,49.90181101,10.85177441,33.56356014,0,1
71.53725106,52.76244977,10.03829555,20.58424896,1,0
70.58208718,51.11957067,8.717026182,28.13840474,2,0
58.57029702,56.82070215,10.97574457,32.18656594,2,0
73.5778736,50.62612251,13.60869622,30.92587768,1,1
75.60784526,47.85297229,9.618192417,32.12722432,2,0
80.83051243,50.61148752,11.43951588,31.11144928,0,0
80.53802052,52.71649015,7.413454084,36.39432907,2,0
56.22330632,50.24430035,8.087127246,25.2384181,1,0
60.6217496,50.20295846,10.94481256,26.61502431,0,0
75.15035267,46.49004156,12.96823206,26.13670277,1,1
75.13785951,46.68549541,10.7112267,34.15095906,0,0
75.15047686,42.98697364,9.373883939,34.50199294,0,1
108.5273149,58.74788372,9.998582811,32.2561266,2,0
75.70890511,43.78068382,7.499184532,35.91746833,0,0
81.3556564,46.53547401,11.20903065,24.10979566,1,0
79.54001763,46.40796367,11.76466612,38.33612056,2,1
76.51391251,54.47462188,9.095819334,37.61619311,1,0
66.84730755,48.52525161,9.059915704,33.67810999,0,0
77.5896922,56.23871036,10.53175646,38.90899454,1,0
62.27174785,46.63254688,9.126560528,21.71688396,1,1
67.63181393,51.39497081,9.867734771,27.37775932,0,0
65.14636452,45.82326473,14.19944358,26.3234827,2,1
70.81874139,60.72574564,9.505948599,33.60739662,1,0
93.14658567,44.0620079,9.283319696,24.7492963,0,1
51.32734807,51.54910355,8.704916389,33.78747575,2,0
76.8626019,53.1688844,11.48838394,36.85268072,2,1
53.87284129,52.06899549,9.637551654,33.4760145,2,0
65.28068134,49.07356171,8.701253923,31.41875512,1,1
80.88950597,49.3508965,12.64260806,25.0606333,1,0
70.64280019,50.21905736,12.83920601,25.76574517,1,0
59.22255222,49.26498999,8.799152869,36.24809453,2,0
62.84696291,54.81939558,6.266920097,33.89674502,1,0
76.79597749,61.05261501,12.01502738,29.8049024,0,1
62.69633368,47.21254107,8.630740348,27.91045227,1,0
72.1645859,43.1509851,11.5812512,19.87096063,1,0
70.4557184,49.55858976,6.059792365,24.64573791,2,0
63.48399652,62.89854669,11.78519468,39.55709544,1,0
91.43944089,45.98162716,7.577656141,23.59772214,0,0
76.33919022,58.19558403,11.46152824,30.94739911,2,0
49.74857413,58.38850407,10.02854614,35.03721987,0,0
71.86454315,47.23205879,8.092121161,23.72538666,2,0
63.38213535,52.8449154,9.185927374,30.92355237,2,1
78.52433335,58.14198312,11.37263691,34.68957769,1,1
62.07479262,48.1043613,10.21178891,30.06249661,0,0
68.85263559,48.9820982,11.16882596,44.34201528,2,0
75.04987279,47.09159543,13.95288117,21.65700371,1,0
78.65755194,44.92621635,6.871516777,35.29364265,2,0
57.99703593,46.75361227,13.23442515,29.13599131,2,1
66.65498764,43.88029867,10.20871188,33.85960077,2,0
65.25054689,50.17041734,8.202431903,32.20653576,2,1
63.46670767,46.15013384,7.339372749,26.33421901,2,0
87.6545424,51.16892956,9.621759218,31.14498196,2,1
74.04981711,42.22052177,11.84330022,20.71049274,1,1
57.39116046,51.65440116,9.744901759,33.0162375,2,0
79.17861947,54.16764481,13.02230986,31.49079233,0,1
91.22156197,40.03132179,7.09764862,33.19330084,1,0
80.32465261,51.87028285,9.975822104,35.29059163,0,1
54.80630034,56.13834496,7.495213111,31.8380992,2,0
65.15765927,43.95179491,10.72726377,30.7404471,0,0
82.66911149,58.36286193,11.77377478,25.59465832,2,0
62.92330534,52.09509505,9.158476413,26.43889618,2,0
74.43819428,46.47494072,4.791572287,35.9336731,1,0
77.74634053,49.72115461,10.39789629,37.18167703,1,0
60.73069528,52.79163456,10.8734771,28.80944782,2,0
69.40474644,50.38002696,10.80858951,30.23001374,1,0
37.5873266,52.69377996,12.47156438,25.47692813,0,1
59.75612359,45.39663203,7.857892641,35.86378423,1,0
67.47431849,50.84680412,11.36043221,33.32708412,1,1
57.52216818,42.93142752,12.38501502,39.70608718,0,1
86.32411304,49.44386969,6.442824832,25.60838461,1,0
55.69858622,45.48046179,10.63930365,28.1099605,2,1
65.59955513,46.32235029,8.991640338,31.15722961,0,0
71.30740577,56.18046588,9.836954654,33.23244769,2,0
84.41273289,55.4565506,10.69535297,28.92166181,0,0
55.64137849,53.0456906,9.025542872,25.63519455,2,0
81.63163752,44.53843618,8.648583842,34.40703764,2,0
70.10233061,48.41795775,10.06830483,33.60567681,1,0
60.18491349,56.0654885,7.825508122,25.4186295,2,0
74.62103474,50.70858457,7.828349742,36.77721401,1,0
71.99059696,61.5966477,11.35874657,35.85099355,0,1
63.99783123,51.9665892,7.70241193,30.67148249,2,0
70.69802085,50.96024558,11.332625,30.39798931,2,0
66.14686403,48.45441768,10.92518259,32.77028886,0,0
71.13517345,50.66770452,6.548386542,25.69148465,0,0
76.62130675,49.23765082,8.644870695,30.1501574,2,0
85.86016816,53.54054338,12.38821881,19.23808228,0,0
57.62184501,54.78351158,8.037668938,34.38227823,1,0
91.33033375,46.0700527,9.071191475,22.19253389,0,0
50.479122,43.34383523,10.92412179,37.51709914,0,0
68.48214905,40.81897313,11.56678102,28.34939953,2,0
75.88317206,52.53995663,9.496922228,28.94166509,1,0
72.80991868,44.48316697,8.804979611,26.86133047,0,0
63.7730048,39.23554704,12.84473972,28.55980563,1,0
67.9187775,51.94289302,13.47779933,37.09265673,1,0
65.06999065,62.46499759,11.9577161,17.56095672,1,1
64.10635243,49.96964544,10.17063629,36.38482693,2,0
78.49602097,54.19245387,8.383468557,31.69011741,0,1
73.57015486,50.40914679,8.339111187,23.96489176,2,0
63.07090405,49.50555173,11.04502821,24.62343803,0,1
78.99599875,54.59538241,10.83679644,38.38196514,0,0
73.07299521,48.54862728,12.80319719,25.2724656,2,1
78.12862119,51.33696157,11.30090019,24.23324745,1,0
76.29628842,51.60848903,6.993839396,35.68657271,1,0
61.71004989,46.65954773,12.10389524,31.69276438,0,0
64.3981896,54.96021175,8.003878745,25.31037212,2,0
77.47293605,49.12520122,9.232057456,31.08312488,1,1
76.10370265,46.2212742,10.50040041,24.87123658,1,0
69.79098406,52.68254922,13.99133498,35.50410699,0,0
71.17327383,45.50766009,16.21983711,35.30685482,0,0
82.77664896,50.14090579,11.21344612,32.66003099,2,1
64.08428611,49.95440502,9.633606763,31.80830531,0,1
75.47097381,55.42947783,11.0690113,38.80594062,1,0
67.97807348,52.37349116,11.77531085,29.99843164,1,1
67.82318797,49.87486521,9.358664749,24.09062937,1,0
80.98776852,54.0888315,13.59042271,32.24736956,1,1
78.25416349,56.95103775,10.46014152,40.43023525,2,0
78.13509636,52.78905153,10.99548618,24.92620253,2,1
83.05478807,50.0517631,11.3318485,28.19268617,0,0
70.21003842,43.44081884,10.84317322,32.08223019,0,1
76.81952971,44.67443168,11.677881,29.73047575,0,0
66.89733243,48.47387648,8.765493627,25.0884821,2,1
73.24166352,46.95243899,8.883396492,35.60928928,1,1
68.69856946,49.06514349,7.799691534,41.60020361,0,0
70.96995965,50.28324962,10.87900246,30.9806573,1,0
75.95157025,52.64846377,11.55787301,25.47965855,0,0
61.81779317,49.64750611,10.91554573,22.25519737,0,0
90.92387276,52.43250822,13.34898487,31.28987991,0,1
59.93982619,50.32237207,9.988807962,35.51938672,0,0
57.85811387,40.12266717,11.33748331,32.37583873,0,0
81.58110874,45.30332303,7.816598248,29.9879808,1,1
77.91662694,49.27956222,9.225800595,27.05364174,0,0
76.24119817,43.95152629,11.39107552,24.53918184,1,0
76.28345509,52.99964365,11.69820422,34.17375663,2,0
69.87753227,57.65375416,9.412066105,34.56885811,0,0
61.02745629,56.09380926,9.856801496,22.27135107,1,0
70.75804558,48.93278565,6.964252507,37.94919489,2,0
63.22838288,57.45363068,9.285941598,32.8703561,2,0
79.75119733,50.74333729,11.78076633,36.99797323,2,0
68.52942618,48.31457014,11.15041003,23.28936126,1,0
61.74502803,46.93298668,11.00133144,23.17087922,0,0
66.78614158,48.48765157,10.09954737,29.25515345,0,0
74.12931454,48.05911591,10.01412632,32.51392213,1,1
64.36275447,50.85208111,8.679357721,38.98180411,0,1
61.77779604,50.80286991,11.39765684,33.53039457,1,0
72.43687211,50.0152301,10.84194589,28.78659362,0,1
72.44966571,52.18469085,10.9840377,24.86815396,2,0
64.93056825,55.95323137,8.947930315,36.15000286,0,0
65.28961694,54.74777068,5.69331416,25.17647287,1,1
72.32049937,42.57551016,12.19430542,38.14234277,1,1
55.51915659,37.23039433,9.042325088,28.57807675,2,0
55.92536226,54.67159956,8.274448472,37.95291036,1,0
62.81555779,43.16560651,11.38695782,33.39465645,0,1
67.86552848,48.87617299,9.21597472,29.31502255,0,1
73.10907566,44.14943487,12.11987277,27.40301814,2,0
84.75356217,40.99009781,11.2340119,28.29546061,1,0
78.57659623,52.70731364,11.36713865,32.14158346,2,0
68.4006147,53.7957758,7.268088578,30.38578248,0,0
69.80983792,47.117448,12.42388797,27.03094296,2,0
59.97470635,37.04478854,10.52250106,29.17184295,1,0
69.81486864,47.26877776,9.261445722,30.39288515,2,1
67.11341361,51.95902003,10.28677693,19.35632953,1,0
73.2271856,42.60544216,6.447529534,32.29084057,1,0
61.72769056,50.9167996,10.81730562,25.10139388,0,1
75.19346514,49.92345075,7.941256984,24.23333798,0,1
85.32738913,52.8964575,7.294659428,21.56327826,0,0
68.91239852,50.59790184,6.955281628,21.03053751,1,1
74.01711722,45.1346553,12.22537675,23.22276248,2,0
76.90143992,55.98285751,8.741473213,26.45489521,1,1
65.98779528,49.20735213,13.06745542,39.76629569,0,0
72.24092482,49.8634773,8.928397074,27.37060162,0,0
70.12592401,45.3336602,6.585284085,30.88875053,2,0
70.97676099,47.78358874,7.76695112,32.00240693,0,0
62.26990216,45.57598643,12.47162324,30.65532593,0,1
70.24510174,49.1352697,9.688203644,29.6127827,0,0
74.97998291,58.5585424,8.903425407,24.02353118,2,0
84.51143608,43.14049429,10.32003645,37.25463774,1,1
79.59270826,41.93219301,11.00356547,39.03598322,0,0
91.53182458,57.35585164,12.23479763,21.58670653,2,1
62.32652437,48.95338161,12.89699846,24.87985705,0,1
78.72320637,46.65463631,9.280462708,28.60094829,2,0
71.83342006,55.19952344,7.347904628,25.17731103,0,1
91.89802933,46.9719223,9.173069678,32.52982777,2,0
61.91701715,59.13004857,10.52056101,26.35863899,0,1
61.60278158,53.38962936,8.072482148,40.82528034,1,0
64.00607355,47.56044296,8.08569817,35.95274297,0,1
48.76104276,60.78654107,10.68757576,31.06287015,2,0
64.74244978,46.97142538,9.902695297,35.13493132,0,0
62.40867338,53.71047686,10.06559399,35.52950212,1,1
71.50393786,51.4964629,8.483009331,27.18026256,0,0
73.41755976,56.50870645,9.539198572,25.91891378,2,0
88.76170839,57.80755598,8.151533711,30.39071531,2,0
79.50423838,50.16002075,11.78039682,34.30818062,1,0
64.23096344,46.23291065,12.07049867,30.69530199,2,0
61.01585329,52.29986071,6.307624276,22.11501759,0,0
74.91919172,46.61142315,8.14097828,25.98587778,0,0
56.79766793,60.06693624,7.00694149,29.63013568,0,0
88.31458766,50.68267666,8.699952131,29.62167198,2,0
81.79440121,48.17339224,9.83312406,39.86271088,0,0
65.30824348,50.92340153,7.100709561,23.07006029,0,0
52.86865471,43.26436855,8.156280374,32.52794621,0,0
83.53872374,45.14192981,7.992085256,37.44556554,1,0
68.85460155,56.00206954,10.41453466,41.35724873,2,1
82.37816312,46.71552861,10.13868867,27.97801288,2,0
54.05572341,44.76544509,8.556524893,32.45714726,2,0
64.00624977,52.68326376,10.35364174,32.84880179,1,0
70.052437,55.92852077,8.906639831,30.97740866,2,0
70.46980594,53.59476655,9.456689779,29.50577399,1,0
65.49934529,54.98023843,13.34690418,32.17987695,1,0
76.22849932,46.21602456,12.6809221,17.33876957,2,0
59.32379571,42.89094667,7.400837526,33.41034745,0,1
68.57620515,57.50666826,11.65946484,30.63088952,0,0
71.20295632,48.38660081,11.62279311,28.88762552,2,1
75.14438834,48.74583492,7.703473422,40.23431098,2,0
77.11614878,56.64097071,11.63755529,26.62532991,1,0
58.75357908,52.78115005,13.07586384,27.98462005,2,0
54.65885829,52.27943886,7.754910388,39.95776651,1,0
82.77676822,60.82501172,8.164994358,25.83969348,2,0
73.32314012,46.78240885,12.03532293,27.24942359,0,0
62.51513463,54.63920064,10.54299062,29.26487288,0,1
85.51151976,50.28506562,11.10295255,34.20367241,2,1
71.15674634,51.34296139,10.68117843,31.03901254,1,0
81.79297184,57.64234213,10.78139184,23.53687326,0,1
70.67518481,52.53917878,7.347055743,27.33915718,1,0
90.60747925,52.6914804,12.09463541,26.96322783,2,1
87.55340842,55.36253669,12.33917998,29.61389477,2,0
67.51035852,48.17523635,9.541218512,32.12921829,0,0
79.71570951,45.80395166,9.9130461,32.09102878,2,0
76.4537595,44.77595403,6.937784995,21.11994123,0,0
83.68631558,40.16821705,11.02850951,35.31970494,1,1
60.35076539,60.28103565,11.14411488,31.26284423,0,0
76.8605146,44.48395817,9.875617966,36.92266024,0,0
80.58424487,48.89373188,12.24870672,32.22099164,1,0
52.41260514,48.6159335,9.331845538,35.50661479,0,0
58.16741487,51.53703349,11.12921185,32.33272656,0,0
49.60767822,54.07868606,7.960671323,36.73112878,2,0
67.30593166,54.30236744,9.952895698,32.61125318,1,0
77.17542256,47.08461281,9.651291484,29.51042377,0,1
85.02357052,49.16439143,10.45061584,41.3621736,1,0
70.7409478,51.41289975,9.260946142,34.44518561,1,1
86.28615546,48.75654437,9.737054809,32.86872211,0,0
56.19898542,58.03672788,11.65209434,23.61847792,2,1
52.96617561,52.45487476,9.126471526,23.55846191,1,1
69.44452301,53.67438893,6.786845799,31.46357741,0,0
73.84065449,53.31440634,13.49916781,30.72760599,1,0
69.67305252,55.86736929,12.76290816,26.92938717,2,0
49.325579,50.90510779,7.41547461,30.7049135,2,0
69.1087996,43.51584026,11.37941561,37.94313464,2,0
56.95530499,51.99843976,8.994050459,33.47701237,0,0
76.69672549,46.74321553,10.52697443,24.29495745,0,0
73.66598246,47.35691659,10.58844826,29.44245586,2,0
60.60120214,52.93182009,9.531184399,25.9751676,0,0
64.86133083,56.19141536,8.432468669,28.06150042,2,1
59.40786478,50.10635788,8.618917895,27.93192167,0,0
69.37320903,51.54416506,8.167616169,27.61177209,2,1
79.55142321,58.51107472,8.336355584,23.72432314,1,0
60.14273954,51.2037659,9.86564342,29.36172659,2,0
75.04046516,63.00841557,8.568480022,27.19696182,2,0
64.69742382,52.82754823,11.36410413,15.35275655,0,0
62.07127168,41.1961862,12.97449231,40.26486012,0,0
68.9296964,53.76670811,8.839893517,35.44384827,0,0
59.64757678,51.90579192,10.478809,28.11849638,0,0
64.46350695,56.44876377,10.99937022,30.09409525,0,1
58.02122107,53.36590676,10.94400454,24.14172826,0,0
89.64725133,49.30772008,10.15191054,38.47861439,1,0
70.35263552,43.87850882,11.48536484,39.48644347,2,0
63.00274492,48.95488371,10.96449791,30.78346864,2,0
72.13979911,45.74739773,7.524675155,35.11765322,2,1
68.8767195,47.09738275,11.73831213,30.87643389,1,1
67.790304,52.94289202,11.77458167,23.31637281,2,0
76.141667,58.34952252,8.473427792,27.94088316,1,1
77.5750771,51.97335765,10.07587567,30.65963983,1,0
64.69498852,44.02058469,11.36665799,27.72726141,1,0
64.24181759,52.22301334,9.581372361,28.90673361,2,0
67.24948303,55.98315743,12.1459561,29.54300221,1,0
46.98078835,46.95108548,14.72774499,29.59560751,2,0
54.84808938,49.32991417,8.428027935,30.26129245,2,1
83.66874267,50.07344097,7.237910794,24.69697467,0,0
86.44967714,46.07550843,10.60763719,26.41491925,0,1
67.5096396,53.24140217,11.44312501,23.57707867,1,0
75.76556963,49.39525926,9.538267252,34.88907775,1,1
73.11250155,52.09766222,12.90652133,19.47176529,2,0
100.7888081,45.56253911,7.322788401,35.76795172,1,0
81.19574911,47.8127085,11.38583725,36.93174699,1,1
68.72082409,53.61190679,8.788278358,28.48909707,2,0
60.44459559,48.13583424,13.43875581,16.98431456,1,1
53.9355368,58.63481926,13.98503071,28.19344719,1,0
72.03463636,48.00181907,8.466686824,29.67907919,2,0
62.43649255,51.12342363,8.900885728,24.9470089,2,1
55.7774629,54.66295416,11.71917577,27.42390803,0,0
63.53427116,42.90817134,9.2257387,37.65097599,2,1
59.18451996,41.19595594,9.909177564,33.32463581,0,0
86.87141635,42.37171843,10.05077684,25.37717943,1,1
78.81639757,56.31292052,6.160653688,22.01200415,2,1
69.92027359,47.24070927,9.972324508,28.36491341,2,0
84.79944139,62.79099643,8.620544452,28.9327161,2,1
70.77368308,47.17876201,9.013754355,32.48099594,1,1
61.38715799,50.92275652,12.88726401,27.32341644,0,1
85.23124077,57.71054976,7.486986211,32.55749788,1,0
75.38910044,60.03046444,11.62641037,39.6757702,1,0
59.62753846,60.30751788,9.442074139,34.07750511,2,0
68.09661322,56.04183115,9.440479663,29.75955746,0,0
61.24381747,55.12031263,11.58074379,29.08424764,1,1
56.17200269,52.96263475,10.68010259,28.21663433,2,0
79.26177548,53.89180538,11.14122599,35.90320456,1,0
89.0941664,47.24407142,11.93636932,26.86343277,1,0
56.01432426,45.90900558,9.337383234,30.22611354,2,0
75.62969237,49.98312771,8.775526531,30.25598951,2,1
63.49357431,49.14907689,7.829698947,27.49107904,0,1
65.12874616,47.73385975,8.34917894,23.13767226,1,0
64.07606076,53.48193724,15.89818885,31.61487252,2,0
61.3600923,54.77652604,12.48935916,29.69498014,2,0
70.48521628,50.44203443,7.297851268,32.50120235,0,1
61.69049884,57.38765041,7.355084087,27.33199847,0,0
72.70456826,44.29155443,10.96373212,36.10410649,2,1
69.49761891,49.0317027,11.09452959,25.61613109,0,1
67.61051953,46.4158884,11.09776767,38.56020142,2,0
60.92436338,40.66731691,9.490088413,21.26181745,1,0
64.23228669,49.58659657,9.74909148,32.17385032,0,0
77.55391226,49.39126246,10.65575905,32.37715341,1,0
75.00917188,57.56724872,10.17178601,26.02221466,1,0
60.22444755,53.15405842,5.561399255,32.12196969,1,1
70.99332305,44.87906588,9.540400739,36.39759335,2,0
77.51387123,59.27046283,8.297187131,18.9159058,1,0
53.30594719,56.10516848,10.35042284,32.51372404,1,0
75.43360192,52.91048852,15.97051801,17.5336459,1,1
63.37376241,48.86757951,10.73496333,25.17167598,2,0
75.70598669,45.20280382,9.372940628,38.14583182,1,0
62.36740843,48.13896612,11.843603,27.09108983,1,0
51.95117899,55.4437431,10.96537577,24.13060018,0,1
53.72457562,59.42293153,10.84018898,29.01031136,2,0
70.48084947,57.71621764,11.21370119,40.33953169,1,0
72.59722502,47.55575289,14.11308713,20.84158876,0,1
60.95683375,44.40191283,7.738223129,24.74345044,2,0
76.38592459,50.70443123,10.94726415,37.48715842,2,0
53.38479938,41.15780317,8.14723774,39.28851172,2,0
69.33920201,51.61583857,11.11102529,29.48284388,2,0
57.889838,49.26198707,8.162626977,23.80473649,2,0
63.48163892,47.66981749,9.165266373,40.47921751,2,1
70.47398671,42.02648466,9.409820172,37.97221196,1,1
61.39586635,52.56800053,11.95163344,33.39473494,1,0
66.15444456,47.3364958,11.83690889,25.93798826,1,0
80.06292809,44.15041582,7.508565247,29.7548533,1,0
64.2310813,35.63868893,10.10986822,29.19819959,0,0
78.35692112,49.86242547,8.580840291,31.65425652,1,0
58.70293145,58.86125798,7.482990179,37.25500719,2,0
75.29804178,58.30629607,9.565965899,34.39708521,1,0
84.41568621,47.71451872,9.383034423,24.61311962,1,0
45.283555,46.9889397,14.85343297,36.88248225,2,0
62.03104745,52.34387128,10.86591965,31.5656607,1,1
75.77072127,45.0080728,7.244764998,33.43532898,1,1
67.96954614,51.5089595,8.870451992,37.3327043,1,0
73.71145873,53.83040139,12.04276659,24.44209875,0,1
63.96014813,56.13466612,14.17688555,29.82087211,1,1
70.86589787,49.49922962,6.828033376,27.34272724,2,0
68.44322765,48.98163125,6.24015123,22.16070287,2,0
81.67782062,45.61008707,13.74193035,31.73354989,1,0
72.54420843,45.86559823,10.77922835,42.55778276,1,0
73.37602662,48.86760554,8.263414536,20.79961128,1,0
65.88123034,51.83682753,11.06925817,29.83859694,2,0
65.12393776,54.56792313,4.728504522,33.20271468,2,0
65.67441812,45.98410525,10.00675101,30.61539101,0,0
73.94452142,57.46344284,10.65564235,29.43435974,0,1
65.79015519,48.64438199,11.84854028,23.50391818,0,0
72.89774857,49.89316353,7.972208095,31.16393371,2,0
90.75400799,46.2639416,10.17137432,26.21618011,0,0
78.71124703,37.8787987,8.149150748,19.05039148,1,0
66.73976468,54.42022698,10.51076751,35.9729611,1,0
82.01213922,53.68421949,8.209307355,34.7919291,2,0
65.91924627,48.59336221,9.183798322,30.25830488,0,1
49.61875465,50.33495359,8.00836921,31.14537344,1,0
59.91913689,52.57969609,11.30227248,35.37159006,2,0
51.29208079,42.18727072,11.71690223,31.12169828,0,1
66.48486516,47.35473661,9.53075886,34.52008777,1,0
70.18418379,53.9713234,10.07647599,28.512589,0,1
86.76437312,43.72855288,7.102817171,36.55991869,2,1
73.26927374,51.46778966,9.400646704,31.60392863,0,0
67.80899471,43.21709098,9.899590766,30.97025972,2,0
78.29405581,52.33214991,15.24158618,23.64969456,0,0
47.88864691,49.82179259,7.776065948,31.43477927,1,0
72.35614558,41.92434092,12.92835448,25.84022541,2,0
77.70865194,55.82369677,11.99371755,26.80858637,2,0
55.21413754,46.32704212,10.56127281,25.92312186,2,0
81.43754043,45.94873781,13.51724097,24.66882534,0,0
73.38496407,51.00284599,10.74421095,40.62385702,0,0
65.84712086,55.74318675,10.77831839,36.65669531,1,1
76.32781866,44.92089091,9.893758694,39.60183751,2,1
92.70692858,50.30839925,12.44713776,23.8855249,2,1
71.81866255,52.1440825,12.19293847,30.35626875,0,1
72.48220586,53.46552804,8.748645425,23.53246187,0,1
65.406391,50.88220778,7.361505611,26.52152561,1,0
61.50155631,48.1648608,9.594038725,25.40936508,1,0
78.30335817,45.8620489,8.399922871,36.19792003,0,0
61.43916174,50.43071942,9.872950851,28.01885161,2,0
70.71566237,44.63930494,12.47487627,35.34189667,1,1
65.22342553,35.39324758,9.08539669,33.02060445,0,1
74.78979826,52.18279902,9.914353237,41.51819376,0,0
73.33662105,54.51967421,10.11604547,22.60277888,2,0
80.37539944,38.18533782,11.69686176,36.2961662,0,1
64.89983601,44.95134648,5.506221332,35.73220435,0,0
67.30125065,53.09577131,8.78659941,25.13310581,1,0
60.21236284,60.28747735,10.42256738,35.03566668,0,1
65.5570674,50.10396854,12.40015791,31.68072482,0,0
73.77300493,46.35998529,9.016195105,28.8626187,1,0
77.56988617,49.08551779,6.246894588,25.88032257,2,0
60.77834676,56.8743821,11.23942289,26.40445274,2,0
78.6960592,46.7701791,8.729275222,40.24906048,1,1
83.55637859,46.00403997,7.620666682,30.00341409,1,0
74.13434903,47.58628239,8.751309221,33.91065001,2,1
88.76795813,45.23335696,9.630949285,26.04550309,2,0
62.26210801,50.61335158,8.790510671,26.10073527,2,0
57.55345297,58.12339229,5.588867886,35.40992405,2,1
52.21279751,51.61539637,11.79413239,23.25211894,2,0
84.96044311,48.73823249,12.54975008,27.92393116,1,0
76.54365656,48.54094366,11.30304398,30.17013706,0,0
69.44415329,42.18404596,7.724628659,30.55686301,2,0
72.79968626,54.41554889,9.597016932,29.10453357,2,0
58.74510953,49.61081401,9.98695737,31.97909891,0,1
94.4575198,49.09760043,11.19758878,33.46427878,0,0
71.29221182,65.96553784,11.33668098,33.67318773,0,0
71.09394795,51.49376454,8.531652402,25.07098096,0,1
77.25766624,46.24104475,10.16399111,28.57922451,0,1
74.81009232,47.86821202,10.91456081,35.97381431,0,0
72.23884024,55.74222855,12.91164464,34.47323594,1,0
62.09525545,50.56635205,11.40901308,23.13570274,0,0
74.71468357,42.80861011,11.57811337,31.7573995,0,0
88.82024496,54.59614467,10.16765326,20.10887375,1,1
83.45420046,46.65927957,12.82091829,30.23467451,0,1
85.93186627,59.36648888,10.81952559,39.48883508,2,0
64.88784324,55.40024033,8.27782418,25.26053641,2,0
60.1039518,47.76339052,12.80673994,25.82838477,0,1
68.7421308,56.40508181,11.39580655,33.82014891,1,0
70.55724912,50.33927755,9.113911958,22.28599242,2,0
80.94191518,54.26386838,9.041014065,26.83622485,1,1
53.0753537,52.42366409,10.59315109,32.98220569,2,0
85.29550319,45.76821673,10.92636959,26.82857076,0,0
68.41992101,46.78225084,10.39458453,28.82015006,1,0
65.7311893,55.14980409,10.62261735,33.72092855,1,1
59.87895625,48.32612334,13.39991475,32.10773042,1,0
53.45143328,47.98175768,12.1430863,31.33409198,2,1
78.23170584,45.2243871,10.38127118,28.3043886,2,1
70.73317967,52.11799533,11.88262116,31.85030558,2,0
57.100391,60.3126246,7.934952193,29.3813366,0,0
57.04921228,44.66233543,10.7958541,32.28902805,2,1
66.64215301,50.12109728,13.6186127,27.51533987,0,0
86.69021525,57.06110278,9.563908209,29.08715513,1,0
67.40408649,49.60179304,8.304732143,25.05021104,1,0
54.96857047,52.26185898,8.695822223,29.82496195,0,1
67.54256936,44.68803236,7.820733925,25.94499568,2,0
67.2727643,52.14153549,8.430476184,24.42976775,0,0
43.03113357,49.06427867,9.258983803,31.29330574,1,0
69.45705133,54.92864998,7.188865962,31.06369888,1,0
67.6906547,55.93693026,10.03123667,33.91436867,0,0
76.96206365,62.94781821,11.80455435,27.84437215,2,0
88.48956095,52.89816587,8.18448764,32.04026423,2,0
81.2656503,51.62898158,13.03856785,32.75398786,0,0
67.31111309,50.97192151,11.02158418,32.22386904,0,0
58.93474091,48.23416854,12.06116117,25.87173159,2,0
95.73359803,51.69241922,8.684330892,30.74681741,1,0
70.59218434,48.52299295,11.70905045,31.82070148,0,0
70.13929292,50.84230488,7.816132199,30.03589233,2,0
69.75874913,56.58798768,11.780495,19.56761171,2,0
71.98084761,44.96728717,10.34367868,30.80244812,1,0
68.55639588,55.69939281,11.10650244,41.0626552,1,0
64.26337993,56.58557534,7.648810789,28.19980366,1,1
64.53141059,49.40965737,8.209860315,26.35961451,1,0
69.6724673,39.3907255,11.19445644,31.8667428,1,0
64.56575229,46.96089006,8.103303992,31.56189105,0,0
62.87154217,56.48497273,10.92641258,35.96367583,2,0
71.06430228,49.88565969,7.265724387,23.71065922,0,0
67.45022783,45.00348884,11.69634843,33.65690126,0,1
85.03992989,47.47612539,7.53495337,32.95211031,0,1
43.49030192,54.20310013,11.10459988,29.28926732,0,1
80.91506852,52.73366784,11.25126187,31.69343659,0,1
82.46085192,48.8053395,8.606456363,35.14728741,1,0
49.26609768,48.16587794,11.16405313,34.3615769,1,1
66.57312406,48.04120925,10.52088453,24.28490344,2,0
66.28559134,45.38794908,8.922316288,34.10079093,0,0
55.92488305,58.07687845,7.982890632,29.67655697,2,0
62.22183312,48.38839765,6.074748617,30.36437049,1,0
58.89424155,56.0857926,10.69930009,30.36598496,1,0
87.52270443,57.60658026,6.870394457,29.24878506,1,0
79.35678393,54.99155449,10.1906884,35.95853749,0,0
82.71555095,47.84189844,9.473103568,29.5814102,0,0
77.21672064,52.01865045,11.35828555,24.40226936,1,1
58.70948229,49.87902197,9.395909001,28.03235072,2,0
64.75479734,45.4814907,9.341104427,30.89347358,2,0
74.89374561,51.62179641,11.46374141,36.14607392,1,0
57.77872191,44.10480104,10.67011606,33.01547342,2,0
77.1299843,55.93839694,10.63231191,25.74732361,1,1
67.59674602,47.67691351,10.93853518,42.42594958,2,1
66.25179192,51.00579828,6.928855754,31.32387655,1,0
77.10959968,51.41643936,11.51357736,36.37695369,2,0
74.44263311,48.70547513,11.22493759,29.24142783,0,1
66.39033834,52.93346901,7.966633743,32.66679622,1,0
81.59329803,47.62548172,9.511839053,34.19734252,1,1
59.18936672,54.35648649,9.921385425,36.09097356,2,0
76.15935607,43.2701016,9.731006431,35.28684153,1,1
75.93101258,50.6318979,10.66771993,34.360985,1,0
66.90453561,59.694645,12.86273356,28.42456634,1,0
73.26133022,44.99834338,12.16353346,27.14126979,0,0
57.48886424,46.61127515,7.375561613,31.66303755,0,0
79.24027019,52.56953925,11.24413998,34.66564036,2,0
68.15097864,50.89790891,12.65786664,28.8863965,0,0
64.77276979,51.7531505,10.77361704,35.32585983,2,1
80.49009226,52.44593565,12.18196085,37.26308373,0,0
62.95656309,53.17360734,14.02454089,25.4183954,2,0
55.91538704,55.54849921,12.04741909,25.81539648,0,0
54.43370826,52.04909328,10.49861719,29.29812471,0,0
76.06009951,48.79371173,12.09017695,31.53806334,2,0
57.19570648,53.36286851,10.28977567,27.37716493,1,0
87.54794182,59.49940967,10.04780609,36.76101339,1,0
49.18070592,49.33683127,9.297171529,32.12033431,0,0
86.96456368,45.12735348,13.12682672,30.19723524,2,0
72.11017467,55.53540335,8.363142668,22.82045238,1,1
69.03286888,49.39809418,13.06473545,23.42092092,2,1
64.55080913,39.13665227,10.99972825,31.40504625,1,0
73.99136114,54.23710839,7.20138765,19.33702187,2,1
69.62365298,47.32335907,10.73529859,35.06318705,0,0
81.03301882,49.54733359,5.799946985,29.20923078,2,0
71.14227649,51.65990165,11.25101603,46.21546485,1,0
71.50301761,50.9524984,11.77046297,41.53958125,0,0
66.36387788,53.54725909,8.815288089,29.09275465,2,0
69.43054376,47.82256815,10.24709539,29.46831499,1,0
73.07801769,52.56552899,13.90831487,34.97790757,0,1
52.89831607,48.70226661,8.988506591,38.51586305,2,0
56.51814578,53.6940524,7.882184826,21.80985471,1,1
77.43264094,53.07683742,12.9633268,21.06812267,2,1
71.70865438,45.32280649,13.92517438,26.88982597,2,0
68.16016664,55.42991058,10.00739134,32.91368792,0,0
70.18433933,47.32018277,12.02292607,32.48436795,0,0
73.47581705,54.04028899,12.68295183,35.34885727,1,0
64.6024032,51.83643657,8.515031535,24.00151236,0,0
62.21695275,59.19091838,9.029388329,18.41928069,1,1
71.95845255,48.88267009,12.46174903,34.29007098,2,0
60.21627222,48.25341602,13.37002856,25.85901864,2,0
74.08252756,49.90290197,11.12576172,19.90756068,1,1
52.97416396,48.48410109,8.240371293,30.72531873,2,0
80.29155637,53.99970951,13.97412222,33.96587844,0,1
74.72597482,41.91844696,8.938058204,29.38971434,2,1
72.56029734,44.7315879,9.329724438,27.71075807,0,0
79.82690984,44.66098539,10.68467567,29.20318884,1,0
86.65474444,54.75153796,13.10832084,28.14708619,1,1
80.14370065,58.55306686,11.70795195,23.25976444,2,1
51.59125769,49.47775391,10.829731,26.42659662,2,1
57.20423033,49.15589138,10.92657706,32.60639953,0,0
63.75181422,50.35026082,10.08702934,31.60839271,0,0
70.2609105,55.80939151,11.11627903,30.84029903,2,0
75.1765902,45.36323433,4.940879845,25.02425759,2,0
62.74256187,51.19184491,9.406785082,29.09248419,1,1
71.86766764,54.87598815,10.48264387,19.11467477,1,0
62.44617068,52.50547085,7.697971833,30.89238332,1,0
63.88482197,50.94790808,10.77264664,37.14428854,2,1
55.93338903,55.00523046,9.591057558,22.62933934,2,1
60.76766754,36.48383854,13.5109514,27.07036163,2,0
56.48315394,53.3893766,13.14603945,31.64553389,1,0
60.24126747,46.72962158,9.068388862,36.26421317,2,0
80.53641797,40.84683552,9.698324577,27.75887692,0,0
60.50601111,52.556013,9.852104869,26.53874835,2,0
96.32382065,56.86829273,9.096681048,20.15538429,2,0
74.93317901,49.31275743,10.39004997,30.51719065,2,1
71.84836124,54.76437274,8.483435862,40.2103802,2,0
61.4164222,58.06139129,7.73876933,31.38679231,2,0
77.00309879,56.57457227,11.24542245,29.8886051,0,1
64.24362174,58.19982265,11.25905917,31.61041155,0,0
71.22009815,53.71063746,8.391368481,29.94453998,2,1
95.60084538,50.37716819,11.79071086,25.93492814,1,0
69.039401,41.99017094,8.736844542,34.11639958,2,0
81.49273326,48.76968756,10.50633048,31.12880762,2,0
62.96823575,45.78376702,11.64068803,30.08806626,2,0
69.6501151,60.85471359,9.932774871,25.12316986,1,0
87.70800636,49.12057094,10.90948182,36.51753966,1,0
63.73032942,50.61602403,8.967140712,33.32351373,1,1
88.12448558,52.75742688,9.607066833,27.23539581,0,0
77.07751935,50.21801223,9.588281138,35.00912427,1,0
64.37533224,58.4752552,8.506843307,27.51214581,0,0
76.32407739,46.88675319,9.646451674,26.08998254,0,0
79.7255445,50.97303728,6.902763402,26.20148441,1,0
76.21809962,46.28764707,9.017692506,21.14465723,1,1
54.2977528,43.39988744,9.430249013,32.3577119,1,1
62.72862824,46.94115455,9.487640495,20.84427561,0,0
67.52481364,49.81481601,9.517005108,23.85778084,2,0
69.25566571,47.85348888,9.8764716,19.62205995,1,0
76.20672098,46.5378951,10.95888304,29.56965154,1,1
71.77701001,42.96841268,11.74903415,29.2483977,1,0
56.64655641,49.58447214,8.700469546,28.36651893,0,0
73.80197851,42.47639813,7.593598289,24.78711153,0,1
76.10585745,53.80027982,7.915911176,24.13883123,2,1
75.59790448,50.41219876,9.025594158,32.32184932,1,0
80.80780726,42.7122425,9.296157364,27.24724034,0,0
78.33922155,48.45395461,8.460007868,31.58179161,2,1
74.59180079,46.23921797,7.407766672,25.57375657,1,0
69.29834289,51.59587255,9.087758345,30.90531371,0,0
53.39039066,56.70225223,10.36285324,36.51639019,1,0
74.29618219,40.62413765,11.19005893,32.930829,1,1
72.07687687,50.5751304,8.885153894,27.93793091,0,0
72.71578837,49.19933602,9.174004356,31.28599485,0,1
57.23251424,53.35670038,8.146603382,28.79667413,0,0
59.1894346,51.06598314,9.937121659,30.03940092,1,0
80.53152853,46.24015334,8.303142732,28.37194474,1,1
69.60444846,48.40473032,11.14625563,29.17832397,2,0
76.81500697,46.01987072,6.428267016,31.06046677,1,0
70.28318376,55.38003569,9.280740655,25.0332065,0,1
70.29756139,50.10655824,10.60221468,24.92060587,1,1
79.38283806,59.50595343,10.36766903,23.05728723,2,1
64.83955272,49.69669593,15.38606733,21.99864448,2,0
70.96120777,46.45796617,10.69960005,23.91358654,0,0
65.37724711,42.43142804,7.991890806,30.79731253,0,1
65.65503773,40.98430162,9.809071506,25.53606242,2,0
66.90827877,42.07932028,6.447507333,32.56807232,2,1
72.22133772,51.33563326,9.838800501,30.17356874,2,1
65.21251378,52.54362512,8.333887886,20.15747893,0,0
82.55756126,42.09404649,11.83078055,33.27487792,2,0
61.05392698,54.47519157,8.900919451,34.05399323,2,0
68.13128356,47.58469474,9.766468168,25.03068663,0,0
65.60268942,50.73396506,8.728884317,32.10095771,1,0
84.46977884,58.06110314,13.4777027,25.71750881,1,0
71.96554777,54.48419658,9.357514468,30.48835188,2,0
80.31844539,48.65734676,13.66511409,23.67750797,1,0
55.14439627,45.54403887,11.62830352,21.03446774,1,0
72.67050266,39.24092299,10.96413345,28.08591405,1,0
78.89630796,46.4042334,10.73746629,29.38135527,1,1
70.82283989,48.94434881,10.7875946,28.01160153,2,1
80.65480375,45.06410236,6.144654841,24.07984721,1,0
64.8271155,49.34371516,9.442233212,28.00050469,1,1
84.0934744,50.38425941,11.69031594,31.34647376,0,0
92.98898124,48.87572009,9.902205633,29.77553485,2,0
66.3716144,46.7499871,7.189620306,30.91250515,0,0
65.54497479,50.84327336,9.895191099,26.649424,0,0
84.53384477,52.20970325,13.40821103,35.85858957,2,1
85.79572146,44.54800461,12.49378343,24.11913332,1,1
64.77139973,57.0546619,9.875991981,32.43780149,0,1
65.79813183,49.50705934,11.90289855,35.90945546,2,0
67.18215391,50.09424811,9.266985959,32.40454046,1,0
56.55549489,53.54107212,6.592256826,28.98737886,2,1
60.81348054,51.16608066,8.151068024,27.35851477,0,1
59.95859233,54.76568317,13.12577754,35.18043826,1,1
62.32202435,51.43562083,9.452013836,22.88512537,1,0
69.65315113,46.93781313,9.513232041,25.1493787,2,0
72.34214733,51.80751763,9.400323607,28.01221117,1,1
85.50500493,44.28136896,13.80827318,36.18826879,0,0
60.01645959,50.54279853,13.25191783,31.89883818,0,0
79.84322398,49.83385005,14.43756047,25.15977121,0,0
67.86011156,48.95941571,9.681909579,28.44846147,2,1
69.5053629,49.35731244,10.59124898,26.92838428,1,0
76.74819492,40.59075477,6.966714901,26.45105504,1,0
58.77277978,47.25637546,12.95386885,34.89444779,1,0
73.82409746,50.46422451,7.664440897,23.14128435,0,0
71.66452208,50.79928196,10.43355113,38.04390428,1,0
74.92451264,44.8616243,7.805394945,34.14114845,0,0
72.89168644,56.3285392,8.822266347,35.45430835,1,1
94.5530014,45.66912576,8.325475138,27.68530244,0,1
63.62260016,54.847286,8.784249479,29.2502964,1,0
64.69003045,52.13597181,8.921754594,22.83424093,2,1
63.76859474,46.76886345,8.90346241,27.37668796,2,0
64.44522881,58.87655446,11.66666782,32.46827424,0,0
63.62612873,44.03181584,7.790274414,36.48031531,0,0
81.89016531,54.59577087,10.44108285,24.46421592,1,0
84.20504248,55.00291159,12.4359183,28.17247032,1,0
64.29253706,46.64689895,8.973607271,29.2435039,2,0
61.67644427,56.9623265,8.564162219,23.02105399,1,1
74.71415556,48.74976743,9.53895075,32.95674621,0,0
64.47776956,51.44346815,12.35945042,26.38004834,0,0
76.32931818,51.30160919,10.38821526,29.02304824,0,0
72.02923021,49.32845629,8.937571411,27.74025314,0,0
54.84255885,54.05404137,10.9677533,26.05330747,0,0
85.47505201,53.9674436,7.7954157,29.96477507,2,0
87.95877673,41.25734013,11.36271902,28.92195211,2,1
63.8721131,56.52170121,10.81721462,28.14071059,0,0
66.1229844,41.68754006,9.384383058,26.35769189,1,0
72.85865391,55.16273102,8.322828403,31.59762335,0,0
73.3445679,55.63352568,8.226638155,38.26808634,2,0
76.58544273,44.54516785,11.06963467,30.69943616,0,0
90.10204539,47.94592856,12.457961,34.98059107,2,1
68.23052773,44.47147666,8.725384506,23.04889037,2,0
62.01702755,48.92539485,10.91677341,30.7888072,0,1
56.20680772,48.45982858,5.825945963,24.51315841,0,0
62.6906996,53.89830266,8.830764539,22.61537536,1,0
69.66873027,56.55154373,9.937882134,26.30314296,2,1
87.94557864,56.97841905,8.180633166,35.95949667,1,1
64.82388701,47.18915987,8.12698725,34.75007914,0,0
72.23787952,48.95389063,8.664440887,31.21502361,2,0
69.83577104,41.58280904,10.58438546,22.3364972,1,0
81.88393273,45.97064967,9.625341963,29.01859674,1,1
95.26932426,54.82425817,5.523537533,31.50850004,1,0
64.69131227,58.07791412,5.758599695,30.87768115,0,0
65.10560557,43.82825564,8.786269644,20.78103208,0,0
80.44160877,47.0376787,10.91537317,25.54841076,0,1
76.8189149,49.86797122,4.504990315,29.67961118,2,1
88.46707326,51.40080579,9.000539648,32.68145455,0,1
75.83928185,45.9519824,8.947504287,19.01936089,2,0
66.40707909,52.12030522,12.77667556,29.18938012,1,0
75.90654831,47.63080326,9.229956377,30.71524385,1,1
81.08703581,49.92773865,10.76597797,34.24805994,0,0
78.20482181,52.73142124,10.28251428,33.46428792,1,0
75.07274031,50.03211135,5.73886704,32.91285659,0,1
80.6667469,47.81807055,11.53641443,26.00029747,2,0
81.6929559,49.45195098,10.43079301,20.45998931,1,0
83.82158991,49.5581852,11.01653728,28.03473621,0,1
76.48709888,48.14994485,17.85247541,35.00815913,1,0
68.3288192,48.70601969,5.831774121,36.96727264,1,0
71.46713686,57.99323585,13.4493933,33.55274551,0,0
82.06508967,52.80459724,9.425104961,32.14670411,1,0
61.83064329,48.52259841,10.57465781,31.89819824,1,1
73.68673309,53.48477202,9.908975509,27.21940627,1,0
66.06661188,48.33090255,9.151527333,29.34969853,1,1
70.28744823,55.86562319,8.860334144,38.34534763,2,1
82.78451863,51.84821096,10.65901747,25.28720997,1,0
71.91099068,49.46348928,6.965652607,38.07389395,1,1
70.46436548,52.23858463,11.50115834,28.38985923,0,0
56.40143859,42.14561924,9.16761119,36.62716055,2,0
77.46253566,44.36616266,7.739861322,22.96592495,0,0
76.45484181,44.03037497,9.099974284,32.92952101,0,0
91.63254723,50.71471547,12.51429843,26.31614932,0,0
66.92221765,58.662575,8.929329826,22.92366404,2,0
72.19150328,61.15650073,10.71690724,31.09267021,0,1
72.49383684,53.19025551,8.538087449,35.04735894,0,0
85.7745328,52.50422237,11.5158437,25.77529281,0,0
69.04704468,40.99471133,11.37101548,22.5049202,1,0
72.79021526,47.286631,13.69721767,29.54077618,0,0
76.0789651,46.06108124,9.648872109,29.56282336,2,0
71.86609123,46.89576201,11.33730961,32.74159814,2,1
65.53566385,49.15928091,10.19613508,34.74797286,1,0
71.94089993,47.63954711,12.59174356,29.70292409,2,0
80.7363175,40.10350095,8.562335225,39.27751657,2,0
59.73484701,53.73955128,11.49001063,31.12117372,1,0
71.32969674,44.63628487,9.610605408,28.26786747,0,0
62.99879185,51.19623432,9.871623646,21.9421632,1,0
81.95046629,60.37041335,10.18350497,28.6867024,0,1
54.76813095,45.40307704,10.50448079,28.31806527,0,0
64.41078153,37.34856239,9.767541914,34.80152398,2,0
73.77211875,48.56997889,10.42942637,32.31241812,1,1
85.65524029,55.50479817,13.15623612,24.10315439,2,0
69.34249739,59.79173727,11.97089937,30.86127193,2,0
64.44800473,43.85225203,11.73830918,33.35765586,0,0
88.81157069,52.48349612,9.088920948,37.6401568,2,1
55.519861,47.67344772,8.221518344,34.43751984,1,1
48.01194043,49.47025823,11.91060112,33.80423327,2,0
74.4001445,63.22171674,11.75209359,30.30042997,2,0
64.97945776,42.48514836,12.94534135,31.94156003,0,0
59.78767183,51.26869831,8.792038748,36.2475245,1,1
77.08356447,52.33846586,9.540902689,23.33611301,2,0
72.43800714,55.42893162,6.721031675,28.25280336,0,0
64.35921369,50.48991577,9.215057788,26.13715626,2,0
57.19695601,51.5402527,11.99314102,31.89576559,1,0
78.72457328,48.04175716,9.067009242,36.15111088,2,0
76.50201178,51.34563471,11.28095959,27.01512857,2,0
69.00824136,48.28403862,9.618993788,18.04847816,0,1
88.46636996,53.10785945,10.64811406,27.93889627,2,0
59.29915234,48.15194832,7.70461722,34.56736866,0,0
54.74474829,51.88550197,10.1704189,32.68814951,1,0
63.0809193,49.85368593,4.017728058,32.14093124,2,0
69.54413984,55.63025125,9.626207684,28.60003349,1,0
72.43339449,49.74303138,6.739053513,23.60484632,1,0
67.58763942,41.13483766,12.41198903,32.57647161,2,0
73.52055397,56.3096075,11.55481471,25.82859095,0,1
57.48460576,45.4713385,10.93334196,40.92048367,1,0
84.43764604,46.73116831,13.04201245,32.85253604,1,0
69.17848822,47.02169353,8.102166958,27.09675849,2,0
81.17295832,56.87219047,13.4947264,26.94307376,2,0
73.42725346,39.32162893,11.86438313,29.53527897,2,0
74.56753219,65.68874267,9.526889426,28.80249039,2,1
75.6976728,55.28028405,12.27124029,35.58416888,2,0
74.4770856,51.11619457,7.787412975,30.93208085,2,0
76.4272276,49.72553,8.350971677,26.34184131,0,0
83.2915253,51.42777037,8.782820554,39.45220343,1,1
71.9652117,52.60561214,8.942044584,30.24654166,0,0
77.09003758,53.22607793,7.886884714,33.84419838,0,1
69.10264306,52.77802233,12.44616613,26.95886746,2,0
84.40117215,50.44790341,9.482291199,31.81557814,1,0
63.23607698,49.0133079,10.70500994,31.55554996,0,0
88.00940433,49.24363358,8.859297267,20.55175354,2,0
69.59842049,49.0254586,6.358793399,40.07637555,2,0
55.69224898,55.66885048,10.54011472,36.4532223,1,0
71.28104415,52.96778361,6.175490049,28.01402342,0,0
63.18948343,35.29805683,9.862731908,24.4886513,0,1
78.40643549,53.27950388,7.263369922,31.73780807,0,1
63.47376021,50.97368097,13.974552,30.4334885,2,0
65.53816567,49.90645622,11.82272544,31.77834474,1,0
51.10459269,48.05740773,10.21150758,30.95788698,1,0
65.47693681,55.6205636,12.52741336,32.53120495,0,0
45.76120673,54.73763231,8.307368045,37.2365285,2,0
54.16097177,46.13561166,11.08695876,32.84051603,0,0
77.60414656,52.03526144,10.39962087,24.75172251,1,0
77.85800159,45.14171633,10.52804016,36.81281426,2,0
74.25457562,43.10190918,12.544707,38.20307282,0,0
60.33023857,46.86641388,11.46498421,45.76028367,0,1
69.52288644,54.31196736,10.57744733,24.38252983,2,1
69.96397461,54.76562523,6.690225128,31.21441007,1,1
58.41635311,52.5654271,8.079907409,19.58950648,2,0
85.03398302,53.62547893,9.754582133,32.76574578,0,0
78.77362291,52.58089144,10.18674475,27.25899851,0,0
67.79035826,46.79259202,7.739592551,39.61722897,0,0
70.26885839,52.15961272,14.82335335,26.12692515,0,0
72.08382808,54.00204763,13.03278811,21.55408481,1,0
49.58265132,53.77145665,11.20423664,27.6436813,1,0
67.52822617,55.94456686,10.14407372,20.12256114,0,1
63.18015752,53.54151924,9.57558206,33.75549727,1,0
59.9837999,51.75724104,8.09616308,19.67458477,1,1
67.18899707,55.35075119,10.15496104,30.14228791,1,1
87.97686527,49.8673937,10.51550508,19.6109409,0,0
76.40842861,45.59062674,7.516478849,28.39851098,2,0
64.2882101,49.18466518,10.66835283,38.21689078,2,1
75.72582781,46.27548678,9.689481902,31.80323946,2,0
51.68879562804443,49.688953593118605,10.708900211025625,26.22312851359328,1,1
65.94337566463602,37.77286068863993,8.641409876586767,23.765482123352037,0,1
65.92672780554543,48.580037518604705,9.18215997129328,30.212176270317432,0,1
65.17100524050421,49.30014219270231,9.469408401819608,28.05129530686328,1,1
62.76022482489363,51.23749738061348,9.400685705061615,29.14305238221226,1,1
61.90407136520385,57.900864774254806,8.760085265447461,21.08308571045397,1,1
67.68730631684495,47.931152127927746,10.527474783623855,39.609502564727535,1,1
66.53936629761024,54.86132968467393,10.662282453653786,30.61620306026296,1,1
73.84500889173951,48.14670479684704,12.498652839415143,26.050814567604032,2,1
72.15890631062707,51.46097653721192,10.203789857713927,30.201894844926574,1,1
61.81849089194908,48.547643685646925,10.579690001290405,31.928439732745485,0,1
63.56286582190743,54.6641301979784,11.904145812955434,19.810253437350386,0,1
71.85229228071982,55.204544416460244,7.2242152413399925,25.706326235067657,0,1
72.630198454544,60.23230796856365,10.701575617925645,30.6776757587248,0,1
80.0177883155995,58.45325346246473,11.592749536058074,23.38384649492023,1,1
70.49834089154278,53.89226634423783,9.565440994003403,28.946850350936526,0,1
79.20859369778594,54.93852889613993,9.007469001451634,30.95032455028625,0,1
69.6210902018222,55.819983327642426,10.14679689948293,25.675772296075717,2,1
73.25599503104408,48.33050734249808,10.185745335748019,32.34143558809591,1,1
74.95817643709493,47.091626851402744,12.494852796483768,26.97976886561102,0,1
73.92978932713861,57.423349173904555,10.686886943673212,29.30906587451341,0,1
60.82237445776513,52.96941569885191,7.198459703377794,33.19325035515849,1,1
62.244488161830525,52.42302468936093,10.600519636233898,31.464222400517407,1,1
70.14206854354366,49.89762778359522,10.697910868941982,25.055802085907892,0,1
89.9356638255591,55.73136090892163,11.017981168915426,20.716786035073767,1,1
61.610058264706865,54.86392597923199,11.386019577387321,28.734455129197716,0,1
74.13625633722442,43.003696206823065,7.790626127816258,24.283166713604484,0,1
78.29784238484001,54.50866918284075,8.763379834966196,31.45097489773314,0,1
87.66340827565371,51.34590481033277,9.577858003572675,31.291647161391566,1,1
78.00359631967747,52.899448278531814,10.244967359294202,24.16624850085195,2,1
72.23578190037577,43.386861809230666,10.47708021378167,28.28836679859115,0,1
63.72243581448361,44.76359450125444,8.771066708141799,36.97368516610028,1,1
73.7241461298689,57.428439903110124,10.087109476147013,30.60187007282487,0,1
77.25157332657251,47.60691642615024,9.543985450228284,29.912968189467957,0,1
73.20341180717995,52.079008457687664,13.833152377458106,33.961413214970165,0,1
73.40621552008068,47.06927767287269,8.859048360004167,35.29617286199734,1,1
64.2921577197703,48.94560109749366,10.794538156372008,38.08544154545303,1,1
64.24791108130522,56.314231199960325,12.360346030183093,29.977069824249412,0,1
65.37115089021293,54.26073691135273,11.36563168835311,32.25190230949319,1,1
69.27109864170735,59.26416382236768,11.169775305715056,20.868074191971466,1,1
90.45594631669276,52.852969783576334,11.93125377657119,26.382072698028576,1,1
65.08449409724604,56.36638998296072,7.703654267465602,28.711899148819207,1,1
89.24880115059466,54.13943025461524,10.629719220891955,21.752461213572975,1,1
69.6313691615907,47.42748350670279,9.300916047616859,30.210355701846428,2,1
65.21349607818307,56.74307456903403,9.927005936136123,32.018030110319934,0,1
72.5587194488377,44.143450571993036,10.862128029234215,36.22625443923112,1,1
76.45327220984116,57.707470820109904,9.476139773507745,28.645431460714477,0,1
85.00635875168744,51.279518680323335,12.294070979016855,35.058761912923,2,1
76.64367484749859,53.586172998002255,8.070180753786595,23.49579455872304,2,1
75.50049759000653,44.12753467044735,8.172364418655471,33.900045559368436,0,1
55.255293213147056,49.26092490393248,8.758295471974273,34.33549235088945,1,1
72.91057366002006,56.08353628568091,8.864360227229866,35.48487270564192,1,1
63.579226150093376,51.58327994643088,9.06208598214821,32.28201980350797,1,1
62.444617561929256,49.040981438032325,12.603189958697925,24.83917708336903,0,1
61.63740041920511,52.86564456071662,9.252553246930356,34.59271258831417,1,1
83.85096813868316,47.1233982712145,10.06843808828704,38.581451503795094,1,1
56.72071452527601,42.93608830274824,8.44685019082219,26.60168134397092,1,1
61.35857797424121,55.03997460717979,11.51972751559701,28.9746411584184,0,1
74.33875410628836,49.772774028505275,6.808614519789088,32.406230191624516,0,1
67.90546942941526,48.84323831144099,9.21690639679403,29.337107384892644,0,1
72.15850830319916,51.87338556052377,12.24289957380531,30.687612252747382,0,1
75.8898442203228,47.65966744678771,9.249864861283834,30.711845038866695,1,1
74.37053442930069,57.62807786667928,9.170605992664003,32.346013667210876,0,1
73.02172287007339,50.85981710221013,9.175615180984295,36.476980891897426,1,1
89.75927669938396,55.55184311865154,10.883514287646626,20.620653627561563,1,1
70.0663000493149,54.39653397002899,8.263727227615586,29.95894457152252,0,1
78.00360858505486,53.854003583351165,8.209551826407006,32.4445332554124,0,1
67.02229940083289,48.500685008022096,8.877424589797982,25.113840342813052,1,1
62.450482725912885,54.66366723827406,10.59576479824907,29.25568731556367,0,1
64.56575706325313,56.464425283852066,10.521785851243049,30.03037832991767,0,1
77.34799407034579,54.70946855180534,10.105930204265187,37.90543047225916,2,1
74.13379950520157,49.95147759297361,11.153884808803063,19.925322547735444,1,1
72.67692650801003,49.09705489325842,9.611894027804231,32.171372748168835,0,1
51.363117743170406,48.07362634630315,11.654587795845988,32.84468620712801,1,1
80.95428126049869,53.46461255709529,12.512952475276547,31.99221554194327,0,1
74.566241901928,49.07801250004645,10.402494339030671,31.08454757269171,1,1
62.554910151840744,50.047680956017714,10.957548842209388,24.807044213250528,0,1
56.43047839747317,51.02998854305868,9.998276118277763,25.25592613766786,2,1
70.8498418668142,47.09896573745792,8.930740567845866,32.6279853722883,1,1
63.932215921244314,50.55684698635297,8.865586566644918,33.17517786438844,1,1
73.98086047173763,50.03033703146742,10.685508184693461,35.09243770029594,1,1
65.54371506675608,50.18819497450789,8.106868029810384,32.18494156508799,1,1
81.54000824701696,48.716657084201216,8.015028015698203,34.5350867758888,1,1
54.89949058384929,50.58077845794492,8.542277804312798,30.075139477976233,1,1
76.25248076026894,48.33514352677623,10.973870360699108,31.68774067402566,0,1
52.774548487516924,53.019160618878,9.473648966649638,23.666479225705487,0,1
65.37111526338812,49.27478700917669,9.485221690836903,28.08085045290485,1,1
78.43994586420291,53.621002254440164,7.682354386926878,31.719968885987324,0,1
57.140484228725505,53.346253071065135,7.920609576435093,21.426417547473864,1,1
62.070247650170174,51.18286567653334,8.969148565049064,28.48816944199708,0,1
42.270249244617574,53.89114725681449,11.387130062656736,28.501316434881822,0,1
96.47605349770629,44.80726508921774,9.551119184675596,31.23769302572032,1,1
55.68434750347429,49.39019221939182,8.762557230144123,30.62991502608076,1,1
73.90411197995527,49.90154084021699,12.709401624609425,30.290403673845496,0,1
86.64444235681047,43.58983104398685,7.2557744410137275,36.511596077565784,1,1
73.90592628027868,52.97912575812791,8.113094500321582,20.117831986908932,0,1
71.19656119281096,50.00202562022916,8.057031493961546,32.38681174563159,0,1
76.0476462081753,58.28673842660004,9.014461046920069,28.409833975861815,0,1
82.71190076950717,61.524951958073416,9.293880360767089,26.66834566677847,2,1
71.20129827844015,56.82001368799329,9.268388933869332,22.129702384230306,1,1
65.77209944921103,49.47759957893738,8.36780966530076,31.650139598351824,0,1
80.96881602779726,53.73554774897386,12.980616278348302,32.10296226571154,0,1
64.5324100349192,50.47908558047722,10.721402049243393,36.75991946272145,2,1
71.25771311258259,41.824262057847534,7.0331051823855235,23.317465109683752,0,1
83.24816542245901,46.64083717445734,10.213323292210884,39.05446067490324,1,1
68.76308801411305,46.957289920621285,11.565894721980788,30.831819692103007,1,1
81.59297529979737,45.3294731097144,7.887476270088512,29.949994199550673,1,1
75.3623055749502,49.76594154619473,7.326811281504729,33.73881038161436,0,1
79.93702574957655,55.82911112574626,9.780524097702028,30.0854139352999,1,1
86.68583591188408,50.76939820773688,10.29130025040945,32.52759604384056,2,1
64.11738694847298,49.9313473123811,10.712518227997604,37.7626748987054,2,1
54.49877869108021,52.9895547764906,8.589587053750298,22.80397337151122,1,1
64.62321519102656,49.7276820735024,8.81400997597844,32.22651643656657,1,1
85.03739019986112,45.792587037964154,9.635243776188796,38.85241051042962,1,1
78.39600478630744,57.77312437615374,11.148580707755203,35.14765921601169,1,1
78.6347035143902,54.769416267069936,12.578058779094999,31.090219167776013,0,1
86.34617459958986,50.472369332161996,9.93539566367374,29.61313175930323,2,1
65.9621747633473,48.429589618867574,9.091693474595953,29.624641789554286,1,1
72.66454410991581,49.17099092430958,9.340315875610449,31.669501653219385,0,1
44.86838865112636,52.76263787360944,11.118785238754331,30.49950445767246,0,1
60.36513681051221,47.96664840584108,12.315012295246534,26.441744844717416,0,1
82.46886974979056,49.48666602563319,10.770873028712463,33.059872251416245,1,1
79.8312298026097,55.41426306621786,10.515445450224831,30.425249111086757,1,1
81.0113757904644,51.33215049448165,6.8019348703260345,35.26131004046791,1,1
62.69522756883141,55.66230956757861,12.96793365754799,29.47784633199589,1,1
81.94070887680982,46.76776432789532,9.054424343247966,39.846536960139474,1,1
76.00793692298582,43.94724661284809,8.76232180199565,34.56545875365816,1,1
69.17119483628225,49.289043187911474,12.478332885039634,24.074292682032564,1,1
69.93409906957073,43.59706222362123,10.92847784710115,32.239673499251,0,1
87.53992219816327,51.121655834884805,9.700981282902243,31.308576926376592,2,1
67.81501250638692,47.21027954038968,10.577132172955409,27.59845443098141,1,1
58.20547447302339,49.538367425187104,9.73752597518439,32.22274510158311,0,1
54.22678825970175,52.89466533634135,8.68486771774627,22.937872138639513,1,1
74.20481631608348,47.664428589610715,8.785305111381826,33.95291722233572,1,1
82.39149051844733,46.193235578393285,10.658248404595644,29.41166967382458,0,1
61.59218420110728,57.19526697641496,11.032121411800377,27.6738022641522,0,1
58.27514349787744,52.7121387347439,7.990666310572788,20.727327636688862,1,1
62.67740367146034,54.7899090398027,10.580999926267527,29.333934176835385,0,1
49.83959371241697,48.1207200465906,10.894210486671453,34.368541182553,1,1
77.909123124983,46.305921878597445,10.391981371579488,28.898118872251832,0,1
68.68192287242074,44.30607398880921,11.315578937962771,32.95413036789962,0,1
71.0060687662568,47.11856001570814,9.508039373368636,32.53643329744468,1,1
59.990588228504826,47.709058939670626,12.82975173822679,26.00635205185221,0,1
70.51085797423269,54.267446517893354,10.080665580689205,28.499394675436616,0,1
70.51794705065726,50.07176852359019,7.492545528866965,32.498909637731145,0,1
80.16949269555859,54.28582005273063,13.794435303096929,34.01586499441093,0,1
78.49845272180667,58.06759363311839,11.327450436327632,34.781961157217346,1,1
76.14568822389094,58.3397122335805,8.48221176896071,27.93195809709899,1,1
92.48977507828505,50.54796053757792,12.31978032891588,23.674519039435957,1,1
69.55872787128126,55.52848731479317,9.507766553741638,23.741881377110783,0,1
64.91751258103153,49.33637694384867,9.429355843495227,31.104474558499515,0,1
62.88428016043471,49.981478706097356,10.414288997717406,24.71862239268798,0,1
84.57485125448405,49.35280619358857,10.436073906575832,27.387225444656202,1,1
70.76991462059425,48.03787356446539,10.886123589392442,29.357221351455024,2,1
79.4617233956962,53.93385476037837,12.733565057170713,31.523830665058437,0,1
55.47924518479807,47.86827415745994,8.239310248660408,34.32243171119321,1,1
62.350929573713564,49.0915997867375,10.70951731321303,30.953475756071263,0,1
68.9674035429317,49.269956012466665,8.484008744645125,19.31910822711902,0,1
72.62486057350698,49.14904049249545,9.469107456029977,31.96648918242937,0,1
63.51339449768956,44.796885913336794,9.20175225462155,38.77280251962153,2,1
76.75727697108368,48.384287177853174,10.828327955004244,31.567637883899362,0,1
65.74372917812012,54.86404932673321,5.975948032673492,25.34880900471824,1,1
76.2458323258927,44.11749495182065,9.814551426611807,37.50184188433648,1,1
80.82500963965853,46.03813876032324,7.966659433451998,30.359702223025675,1,1
73.9460484307779,42.32765581579173,10.063973043089417,22.41735094340451,0,1
65.59983108087026,55.41050574527739,10.520433098478154,33.54531788409249,0,1
78.73576396753572,57.64640137539134,11.683878694075098,34.602994289033646,0,1
67.91595372205474,50.14983012470757,7.461367010643685,20.844491863798265,1,1
55.65949655672695,54.76981657784014,9.548173343303844,22.715103200784615,1,1
66.7135459573328,48.708780474100735,9.196929872367969,29.873340738656104,0,1
83.82858761119704,46.7151703570545,7.6335905453652835,31.914018070015143,0,1
83.57473568709042,50.18297433923553,11.181202018506855,33.11049458363266,2,1
71.74657795061961,44.45905437071468,11.691600371110093,35.73697518180393,1,1
82.04058999629963,48.576280802354816,10.155025407590328,33.616257839508144,1,1
75.22024083588362,48.81672284673056,10.047920230545033,30.57559963538108,1,1
76.98158575751327,49.68322637981382,5.680726092580423,30.028698938263823,1,1
83.70025861500257,48.600814284304796,11.612438671866535,28.761271397260977,0,1
63.93779376313792,48.526536806960706,10.015334146331009,39.199762800683615,2,1
65.59653253384947,49.24622524010575,9.503034833806575,28.11414333975161,1,1
69.36386983501183,57.43952744837605,10.951532112409717,22.1629750790136,1,1
69.12972056839432,48.95295913692346,10.155725436125264,28.26125520150268,2,1
81.8337670193115,58.34898388527733,10.626523512451694,24.870813619103934,0,1
71.02800131982615,47.112878153429726,9.554689977450625,32.54166547345123,1,1
64.70020631790473,49.31282792056023,9.063067675154844,20.703419410529744,2,1
55.58335598808078,43.269706323727696,8.911149211360032,32.62696380317708,0,1
71.6040155306272,56.22440825021092,9.330137160329917,37.33711359541759,1,1
79.98227615865287,54.67213942245641,8.96987117423354,26.745656592804373,1,1
60.58833124135656,53.95906487865274,11.531182923023426,34.89401117850123,1,1
66.92598112727163,48.59138635874481,9.182314809448222,29.333133297998135,0,1
68.78268074613702,47.10021077228722,11.640205422356427,30.611824839213682,1,1
70.30124778331864,54.54620020935229,8.482252217501358,29.77792556628851,0,1
69.01898722941961,48.77014097922851,11.122494341590127,20.39266743944322,0,1
87.88219655834334,51.18001112986766,9.416587716032664,32.982687385460316,0,1
63.681749198240176,50.663189228707246,8.97099418226772,33.34873471598243,1,1
69.17554801039087,48.95272608231672,10.172828157172368,28.254497857821097,2,1
83.16491604817212,52.78731390503366,13.59082286798697,35.24783745140751,1,1
53.12033389762974,52.50865604022158,9.0724685085725,23.482570987839175,1,1
87.63681828598693,41.17526744171458,11.337534104318797,29.404065457321366,1,1
72.0068471239892,61.56104672715928,11.306831854886925,35.466119970171235,0,1
64.18615686922644,49.63074829747684,10.694738138512138,37.94553295911676,2,1
83.31187125824961,50.771038484861215,11.88194709898184,33.6342763555598,2,1
63.95180391164104,51.008651177250165,10.772719841684495,37.007116193846116,2,1
56.08062403126935,45.69207904691867,11.070652890979488,28.28050265423635,2,1
70.11581868976451,47.511131976792285,9.773407339532625,30.066531154438987,2,1
67.86170681015052,48.934901232841554,9.544694583403016,28.70365846262664,1,1
77.02372250969938,56.59039570791062,11.240995714276124,29.883594818392513,0,1
74.02105744590007,48.21394567912475,10.139993359453506,32.45285131342603,1,1
64.22597314861318,51.257283692468235,10.77301946945717,36.44564489938545,2,1
76.48301374705163,46.45985335251475,10.74990651267192,29.309268972899005,0,1
77.14873337612876,52.807860170789986,12.80760113756954,20.969770080123638,1,1
65.1775012102476,53.96546547424915,11.672787429615141,31.525601939893726,0,1
76.06333728339408,51.223521391304864,9.308570590389603,25.97430601679272,0,1
73.84000582582898,56.42023334814955,8.536612646182723,21.391832515666604,1,1
62.379413811441616,54.69056226332698,10.653777065841693,29.245590039968874,0,1
75.05211541288224,57.90384713841904,9.809727658883212,30.251064260007055,0,1
63.70605081614373,55.81777391164912,13.626415299795008,29.498360371326346,0,1
68.90640392366998,48.954094809580425,10.072384055644502,28.2941836664677,2,1
76.54192941342008,60.00308965713254,10.639936231228043,29.08116266195917,0,1
60.38891581405453,51.82882947954505,9.084185628879796,36.08281393872944,1,1
77.58165224535598,55.93447897574815,11.717964200710481,30.3146874473504,0,1
73.94156600981154,53.50390172081104,7.732769821792188,19.792111765983595,1,1
75.03657484934996,49.654667566705484,10.006877304349306,34.972143577097185,1,1
75.0529095810097,56.161511057831085,10.27969342748103,26.112457623174905,0,1
73.42757904733217,39.36720915273724,13.230466991089298,28.15305675294008,0,1
62.40903253939753,52.48404514025758,10.3959191188495,31.386022221616805,1,1
79.07624744067296,54.31764872838795,8.278257614839605,31.061044081685093,0,1
79.60674628332102,52.37622644378426,6.314798263868923,33.13034657352225,0,1
80.20130504308487,46.349005104955225,8.31895082057772,27.652334021319,1,1
65.10906790875558,54.20347901361405,11.60824326518512,31.38839813539342,0,1
65.252843146529,50.086836524628524,8.240442330276423,32.14650657619113,1,1
71.80112771329708,46.912591502920684,11.199132024435173,32.7261006033215,1,1
67.98809287615569,45.90712908261334,13.085234390429518,33.20995256259107,1,1
61.83760936914227,52.32348327465601,12.068626558843404,27.57335719346597,0,1
64.85834322098995,56.94866395619502,9.948921112745218,32.778787035972044,0,1
70.74627154388847,54.139924228162435,10.025444081785983,28.455693218949772,0,1
55.42142571548292,45.78896790833252,10.824777967541575,28.507620085923076,2,1
86.63879011638768,44.41468407645,10.357934255760647,25.949584129568066,0,1
50.592747527965884,53.95502781402255,9.104047279142248,27.90040089394615,1,1
72.28469221999052,56.43762850179816,7.402094004713679,25.02513424574675,0,1
77.45329719947966,56.766385996789744,9.10313544890013,25.699274954485027,1,1
75.4007565003272,48.50479696766164,9.832775715757956,30.612329481897895,1,1
65.13157662343264,62.422403048843094,11.946660903061723,17.60642225813366,1,1
79.85943373459634,46.79903517016597,10.848348715283928,26.992430326526684,0,1
61.80880454075379,50.56785768720615,12.425928189119059,26.647283256539897,0,1
83.06011108252187,48.148321588873216,10.469812198950201,28.421383017556746,0,1
85.57267927920877,50.05210265480284,10.664199230700218,27.40248706155796,2,1
81.71695280907552,60.92153933328734,9.614800673663828,25.58911840668155,2,1
77.17185426827385,46.32931085565838,10.104668855206562,28.71488700632303,0,1
65.30477930169818,50.173705977956274,8.184753792873456,32.20254110654983,1,1
74.75725729891974,49.9206426075946,6.19866744811772,32.69509769910531,0,1
67.75136583166214,48.247219590520196,9.974869216210884,36.00197584950063,0,1
54.071248181598705,43.30850578341312,9.602569050785055,32.26456707501395,0,1
64.64997790909662,49.534815116840235,9.494937296607803,31.330462493049005,0,1
69.1569003064526,53.227286865565986,10.8675447706688,29.204477160036056,0,1
82.14224862721485,50.2629568600105,8.76942944205074,39.651488812414065,1,1
62.31728375615743,45.36668290287352,12.377437134202152,30.89319363502188,0,1
74.0838872228505,49.50225659383086,12.213840972478692,29.940222638046787,0,1
70.93638279946934,53.78203390520954,8.852884303213111,29.552358454267107,1,1
62.47539069080565,54.35747342541454,10.838044946967756,28.246820094362867,0,1
76.77646541306288,49.44936921548475,9.059556995227368,30.77059132612007,1,1
73.20884311097419,51.000892334978126,10.098979962150556,35.881197187161064,1,1
72.8567463317933,56.11900314284814,11.08852644834436,25.665501084160766,0,1
89.690944009099,48.81463131892497,11.58861854083294,34.40249057464054,1,1
58.554203265378185,53.908768215456064,11.527205618605462,36.53449836145624,1,1
50.71322380301365,53.87887937147304,9.105185543980616,27.68000212171026,1,1
76.03649543321208,43.23562246601322,9.687516292296074,35.1912631925799,0,1
60.424577481227935,51.862052616693234,9.101513777032608,36.07304443854024,1,1
43.21347322803325,54.13231834526096,11.16870568664599,29.11048207796696,0,1
65.81597324002973,55.58376115794702,10.736485805129279,35.867935567943405,1,1
74.90376045722178,56.964356978571615,8.643287504059849,20.513306890744484,1,1
72.12663303084368,51.08356234681244,11.519920999227084,29.574311245890136,0,1
61.60958076826489,49.390374669909654,10.88582019091941,32.11017423097476,0,1
73.55250248757017,42.62953860032242,8.077191723539743,25.35012472119152,0,1
65.82657959305274,60.458157417802276,11.399518254351804,18.34936025777292,0,1
64.04786185613847,51.09576207492355,10.77282481928255,36.810399089345886,2,1
74.04187977286334,42.228716526323765,11.707198269146957,20.841051489580963,0,1
84.83983724400134,47.711713890823596,7.860162378690911,32.92628809623696,0,1
77.0299995806568,47.75361431029589,9.393950993854052,29.18181833892853,0,1
83.49717673946496,50.989203988489635,12.113396528514748,33.97158107338882,2,1
78.69697827044486,57.29790510981948,11.191595286834408,24.453907187278325,1,1
52.37802138393412,54.18681702531071,10.192050741858948,23.88999556712146,0,1
77.18247793313363,53.66259714410827,8.259636817552279,34.79872890777493,0,1
76.45233259180485,57.70940687040177,9.473116183935769,28.643306957433094,0,1
64.31165486812402,49.996517773665516,9.354591592330769,31.885942459783667,0,1
70.98757975961796,51.39169429174393,9.303897990841094,34.60495424226369,1,1
69.94835332860345,49.35569828351089,11.717160237230155,26.506657339813877,0,1
53.02414687429613,52.504701760423124,9.135548271025424,23.54030938692703,1,1
71.30950381917813,56.200591773490075,9.446295645654144,37.76774240835184,1,1
62.61729071840073,44.04143174097963,11.78107715949695,32.39930515060461,0,1
75.28936879581826,61.51564990547477,9.814307415433314,29.0801887012719,0,1
83.4679577207344,51.00347728290882,8.837536142474969,39.450950773476386,1,1
60.75474685554562,52.48531458293178,9.230493143530225,19.695298933278607,1,1
73.13245177734613,42.88738607879528,8.891433363516281,26.2980879303292,0,1
65.38601736727644,48.887027372876226,9.311150894033618,28.608870288045452,1,1
64.25209527641381,49.34252606270151,10.677690121479753,38.12086207267102,2,1
67.91046278603866,48.96034944175214,9.312762024587434,25.038461790582268,1,1
63.865887594383885,48.39148748169992,9.88133334006746,39.401450204917595,2,1
57.67768573053365,49.46751122079168,9.49357021192326,32.46104266102732,0,1
75.2612147776129,49.7613427376055,9.572087966480826,35.1344872389207,1,1
64.28914071881766,35.3495220128415,9.442463141092443,29.10147900500121,0,1
85.31223428032986,46.88435151783112,7.466715354296717,33.52181422616945,0,1
74.24280252921021,49.149302664707065,11.775781918379314,29.63067430597894,0,1
72.62873812376742,47.621516896105724,14.02632528894578,21.135072220238587,0,1
76.14234386960352,53.9003755968899,7.953772496512408,24.245048857196956,1,1
91.23312024484623,51.93428793990921,11.58277019515205,22.45344025199923,1,1
66.22216618218488,49.84763885966783,8.062423752818754,31.862053759187006,0,1
69.6649115136597,49.256488089375324,10.991571383411953,25.470675350526342,0,1
59.218309575982964,47.33893016644349,12.986517446048968,27.218737395830708,0,1
94.07262152802461,45.12019342415635,8.65263960034881,26.682470756901473,0,1
52.49649954201443,53.83793348354309,9.977399792858556,23.82321121822692,0,1
88.41311115626753,54.551696278247576,8.671000337631106,36.866852874447176,1,1
70.85883195957074,54.084713033847336,9.379897963519506,29.097308203557244,0,1
70.50783063036405,49.64132523695486,10.676422352610148,26.157932943917558,1,1
65.27157071861619,49.40517673392208,8.550443851400003,31.656926752285784,1,1
70.78407720098409,48.154454830472346,11.643594304835863,29.245744818411357,1,1
75.88867136197312,44.480601089060436,7.999335627520987,33.99726032418716,1,1
65.81954074097742,55.84534652691094,9.141551970167438,28.918079924953354,1,1
77.19073282534836,56.27518192396764,10.885725229931534,30.11502348200505,0,1
76.56152156809051,46.95709844190637,9.682742739062933,29.679778687855254,0,1
70.88334578064281,48.933707996272,10.841793449655373,27.937947121540592,2,1
74.96309928485451,61.09396823804074,11.498291699930586,30.317517183922735,0,1
73.99364538371867,48.998662556600664,11.139205255705125,29.139613616949262,0,1
64.15385112164444,48.066135209923864,10.411265484613502,38.11603946567379,2,1
51.591518414686334,48.59032925964873,8.46744276069738,23.20215225370143,1,1
67.56273919183407,45.78642721511266,13.086462894204535,24.382051865736777,0,1
70.30187163937751,55.72400573924927,8.873075480995524,38.22130421921336,1,1
68.74226350442244,48.19645668549203,9.492160677304295,29.325950109198594,2,1
57.26940943081103,43.856465389900535,11.5357300731388,35.7422364523541,1,1
64.69443317824164,50.91450004477728,8.982895628763737,21.912311894608752,2,1
76.12409191127058,46.62103280386423,11.055807238738625,29.3659907019785,1,1
66.56913608940923,44.11447564411649,13.239844208181973,25.078207150660205,0,1
94.08874425201525,45.13861693658194,8.64165916042258,26.716128242110372,0,1
72.87728883860734,45.1472490432992,10.294732037285396,35.94498180359694,1,1
70.33236769615161,41.7058921505124,7.124004946809781,23.169963638885193,0,1
85.28337991198876,42.01551369410191,8.991645958391926,35.96319555654222,1,1
87.33084679748038,54.70302180000128,12.190199479583923,25.637433419003614,1,1
66.32776409475899,59.12877347564641,11.029753256206453,18.871619587426665,0,1
44.76197118456098,53.461326230352675,11.061451600166805,28.839891907134458,0,1
52.334122969494146,54.31608502336163,10.271583007314716,23.914740440551117,0,1
90.59981630687088,52.687529343444865,12.088218235984021,26.974079583933765,2,1
70.71717038316677,42.098790710559236,9.77653379663734,37.99461799933614,1,1
70.22995264527374,50.015714666070195,10.643823663029783,24.97938958036085,0,1
71.44594778645207,48.89072621902854,12.908524379630778,24.526807975680644,2,1
66.73622944440086,50.30413839682094,7.701587832104883,32.10745991151974,0,1
74.75458871883883,41.89201334023622,10.215516418353273,33.7739008735166,0,1
77.3061379877617,47.03293238687688,9.733795411565584,29.500619953785357,0,1
65.69644869664953,49.15178444682938,8.588633721632611,20.430089332367523,1,1
81.87735502007517,48.229295662231706,9.920300625546929,33.82831920244561,1,1
70.7356370377422,54.88543370633429,9.539526903784541,23.650330634239303,1,1
73.4545810057806,58.49559320460652,10.672764902755619,29.89783088159137,0,1
90.72005825085823,52.35373500469547,13.11662454446747,31.280846774371913,0,1
55.73634776411802,49.20688451795589,8.596240376673991,33.33756021854651,0,1
64.65456890345565,51.645959102281246,10.773487863332498,35.56792347473049,2,1
61.72360534799759,51.968975574269344,12.275814205752598,27.510100086789308,0,1
82.18535337758742,46.52872428394976,9.841755370747766,28.865548057730877,0,1
76.62212082928178,51.67535966246565,9.793897657887957,25.792031661510606,1,1
59.36376235611202,54.663824687110015,9.60645741360825,24.43714332909515,1,1
70.41396164645666,43.61239080645531,10.900750215710751,32.18576550687189,0,1
71.93143178375814,55.3184741919128,7.707447799928538,24.34263738557252,0,1
78.94676151435378,57.514614533839655,11.280746629318756,24.247732973537875,1,1
64.41072013007982,56.41582461123469,11.33259360430128,30.06544256703081,0,1
56.261867847500355,44.38406820880249,9.82127301149105,29.281023205302507,1,1
63.85666046879036,50.88741096816169,10.443532016832826,36.447822888849956,1,1
50.84325500401322,47.64088973032871,8.465349524724825,23.52747901079389,1,1
70.54653834386235,43.43185593975048,10.782360846709699,31.452024660661984,0,1
53.576021049842105,48.10201907468925,11.811687012424066,31.23839361808374,2,1
80.03423210783376,47.32828216435176,10.151427353601603,38.473184591814544,1,1
74.36545760514392,43.365243931309784,7.925720431997564,23.937631408919856,0,1
60.84992636133057,50.21692178670857,9.220920293861028,27.490778554634733,0,1
80.48422803338065,46.659675651831414,9.677254462298023,26.886680995127783,0,1
78.5469598389761,47.63883524014532,9.760418092365697,23.595405783803606,1,1
69.4925262332589,51.51280243564288,6.916795744134933,32.600080939436815,0,1
62.371871708638864,50.23999038040919,10.926517298329122,24.87217480891126,0,1
61.19360953739547,51.062429466801,9.259690990291254,26.420002740875585,0,1
80.50786367015012,46.45004409005458,8.990623072370902,27.62885405650525,0,1
64.5278283401069,56.41125504039218,7.995389547278884,28.138637982465887,1,1
69.69501690025602,55.922038920794876,9.502940984797963,39.59066200915628,2,1
61.81223768721527,58.18591574022636,9.668468229160917,24.90498235464543,0,1
63.412816572069936,55.56822473312089,12.800465624932823,29.610274821626003,0,1
83.57817486670044,47.63750609653698,12.212035631076885,29.49231229595143,0,1
73.2462644439876,47.378085238410655,8.965790281060029,35.65801695848892,1,1
67.67201450506906,51.44594447604008,11.523249165649945,32.020771837424455,1,1
80.74156143013171,59.442887604459635,10.442987857081073,28.98039111730649,0,1
76.97970904618953,49.22122073331247,8.618320083531875,30.91656735412829,2,1
51.35206552239495,48.51191636771836,9.934639500345163,25.299385645011856,2,1
88.48991625630272,51.47259701121512,9.006400050816731,33.0102570527153,0,1
73.47473064763028,39.255007936176916,13.318591168758338,28.1554112749103,0,1
73.7214925078628,41.549981563342854,11.209600898854994,32.91530865374553,0,1
63.90903104423954,52.4682730339538,10.514935990196074,35.40026192942554,1,1
79.0927127925969,57.87051326780284,8.212877003980324,22.521903481043545,2,1
71.06362522287203,49.10410553894503,10.795702860351007,28.127216773643553,1,1
60.613045762452984,60.00335287952283,10.374530166549809,34.80734647957537,0,1
85.14088733171727,49.83068801467894,10.224322076103697,28.201969284493664,2,1
81.40068640577482,45.47866667110528,7.852406238438846,30.076681932951367,1,1
66.9478513870852,47.67579456724076,10.658915577492563,42.11897725552608,2,1
72.41052249940407,53.36371508942198,8.73744088656196,23.61190403843121,0,1
50.86619586081751,46.59953078914901,8.134634148576112,23.03587448181695,1,1
55.58114985649002,51.526092993864395,9.69963858887668,24.69302823175972,1,1
65.372115149496,56.57847386699355,6.783310136080409,29.540741169803727,0,1
72.30193450927742,43.032249999264195,12.386022439247336,38.48000500877873,0,1
